series_id,origin,model_id,status,n_predictions,abs_error_sum,actual_sum,signed_error_sum,wape,signed_bias,mase,interval_n,interval_hits,interval_width_sum,interval_score_sum,query_id
BRONX|HEAT/HOT WATER,2024-12-31,ai_forecast_v2,complete,28,9835.20263671875,24002.0,-9693.915344238281,0.40976596269972293,-0.40387948271970175,2.4764155303093425,28,21,17510.443725585938,50835.281982421875,01f1bc34-bb75-1884-a7e4-e5887d859a47
BRONX|HEAT/HOT WATER,2024-12-31,prophet_tuned,complete,28,8010.750026127071,24002.0,-3357.183910580972,0.33375343830210275,-0.13987100702362187,2.0170347787308467,28,16,12160.987649706196,46649.944032025065,
BRONX|HEAT/HOT WATER,2024-12-31,snaive7,complete,28,10792.0,24002.0,-9218.0,0.4496291975668694,-0.384051329055912,2.717328497464965,0,0,0.0,0.0,
BRONX|HEAT/HOT WATER,2025-01-31,ai_forecast_v2,complete,28,3828.6846313476562,15172.0,-2255.879150390625,0.25235200575716166,-0.148686999102994,0.9307366958529507,28,25,15339.018798828125,17290.639892578125,01f1bc35-0062-1d41-9512-936ba801ba21
BRONX|HEAT/HOT WATER,2025-01-31,prophet_tuned,complete,28,4465.077533367393,15172.0,1909.1444689019136,0.29429722735086955,0.12583340817966737,1.085441061430753,28,20,12364.793886705222,17562.569123737845,
BRONX|HEAT/HOT WATER,2025-01-31,snaive7,complete,28,4240.0,15172.0,-732.0,0.2794621671500132,-0.04824677036646454,1.0307256852929794,0,0,0.0,0.0,
BRONX|HEAT/HOT WATER,2025-02-28,ai_forecast_v2,complete,28,2386.0841064453125,8962.0,950.9432983398438,0.26624460013895473,0.10610837964068777,0.576756001326886,28,25,11042.3427734375,14218.505798339844,01f1bc35-425b-16ee-a02c-f38360ea728c
BRONX|HEAT/HOT WATER,2025-02-28,prophet_tuned,complete,28,4835.558905088401,8962.0,4146.657417249839,0.539562475461772,0.4626933069906092,1.1688345816251393,28,22,12499.918112968391,15792.17126957478,
BRONX|HEAT/HOT WATER,2025-02-28,snaive7,complete,28,3302.0,8962.0,1862.0,0.3684445436286543,0.2077661236331176,0.7981480247226258,0,0,0.0,0.0,
BRONX|HEAT/HOT WATER,2025-03-31,ai_forecast_v2,complete,28,1934.6454162597656,5718.0,-799.3289794921875,0.33834302487928747,-0.1397917068017117,0.47228357395740683,28,26,7232.775482177734,7490.531829833984,01f1bc35-850c-1aaa-8c65-5fb96988789a
BRONX|HEAT/HOT WATER,2025-03-31,prophet_tuned,complete,28,1850.9611856992178,5718.0,77.08446008645836,0.32370779742903427,0.013481017853525422,0.4518546689183532,28,28,11816.990981227042,11816.990981227042,
BRONX|HEAT/HOT WATER,2025-03-31,snaive7,complete,28,3062.0,5718.0,1146.0,0.5355019237495627,0.20041972717733472,0.7474921715904798,0,0,0.0,0.0,
BRONX|HEAT/HOT WATER,2025-04-30,ai_forecast_v2,complete,28,1077.213134765625,2069.0,60.300811767578125,0.5206443377310899,0.029144906605885996,0.2626397652359171,28,20,3178.475143432617,6034.793807983398,01f1bc35-c970-1649-82f8-254f536c5151
BRONX|HEAT/HOT WATER,2025-04-30,prophet_tuned,complete,28,1435.497451276974,2069.0,307.7031586318259,0.6938122045804611,0.14872071466013817,0.34999453815810716,28,28,8653.825481825428,8653.825481825428,
BRONX|HEAT/HOT WATER,2025-04-30,snaive7,complete,28,1293.0,2069.0,499.0,0.624939584340261,0.24117931367810536,0.31525164843439074,0,0,0.0,0.0,
BRONX|HEAT/HOT WATER,2025-05-31,ai_forecast_v2,complete,28,338.9286346435547,1247.0,-90.91468811035156,0.27179521623380487,-0.07290672663219852,0.08236941324010696,28,24,1185.4839935302734,2165.016159057617,01f1bc36-0c57-141a-9b28-ad62f77647c6
BRONX|HEAT/HOT WATER,2025-05-31,prophet_tuned,complete,28,561.7049992171,1247.0,23.269647984686802,0.4504450675357658,0.018660503596380756,0.13651048176618594,28,28,7517.141414086218,7517.141414086218,
BRONX|HEAT/HOT WATER,2025-05-31,snaive7,complete,28,553.0,1247.0,333.0,0.44346431435445066,0.26704089815557336,0.13439491640971435,0,0,0.0,0.0,
BRONX|HEAT/HOT WATER,2025-06-30,ai_forecast_v2,complete,28,229.73353576660156,814.0,165.27870178222656,0.28222793091720094,0.20304508818455352,0.055801846676372724,28,23,875.2657012939453,1196.794174194336,01f1bc36-5058-1931-90f9-f30249cc0c2e
BRONX|HEAT/HOT WATER,2025-06-30,prophet_tuned,complete,28,341.9832183772978,814.0,-34.63538469906821,0.42012680390331425,-0.042549612652417954,0.08306708489077622,28,28,7018.033008087156,7018.033008087156,
BRONX|HEAT/HOT WATER,2025-06-30,snaive7,complete,28,786.0,814.0,762.0,0.9656019656019657,0.9361179361179361,0.19091793168668642,0,0,0.0,0.0,
BRONX|HEAT/HOT WATER,2025-07-31,ai_forecast_v2,complete,28,227.84368896484375,796.0,127.16970825195312,0.28623579015683887,0.15976094001501648,0.055306850898038794,28,23,941.4475708007812,1128.5421447753906,01f1bc36-96df-1e3a-9197-000d2343ca4a
BRONX|HEAT/HOT WATER,2025-07-31,prophet_tuned,complete,28,476.83087165325196,796.0,-471.20132946587165,0.5990337583583567,-0.5919614691782307,0.11574608031463834,28,28,6532.840293332448,6532.840293332448,
BRONX|HEAT/HOT WATER,2025-07-31,snaive7,complete,28,312.0,796.0,288.0,0.39195979899497485,0.36180904522613067,0.07573498111176852,0,0,0.0,0.0,
BRONX|HEAT/HOT WATER,2025-08-31,ai_forecast_v2,complete,28,194.04771423339844,1072.0,-13.672195434570312,0.18101465879981196,-0.01275391365165141,0.0470782067723255,28,27,1571.0295715332031,1581.2364807128906,01f1bc36-dd05-13b0-b564-32e6c9336f93
BRONX|HEAT/HOT WATER,2025-08-31,prophet_tuned,complete,28,910.7608144497085,1072.0,-910.7608144497085,0.8495903119866683,-0.8495903119866683,0.22096104616425932,28,28,6478.012110667334,6478.012110667334,
BRONX|HEAT/HOT WATER,2025-08-31,snaive7,complete,28,352.0,1072.0,156.0,0.3283582089552239,0.1455223880597015,0.08539924754757236,0,0,0.0,0.0,
BRONX|HEAT/HOT WATER,2025-09-30,ai_forecast_v2,complete,28,6790.015914916992,8854.0,-6768.453048706055,0.7668868212013771,-0.764451439880964,1.670131022485714,28,15,7109.562103271484,28718.400756835938,01f1bc37-1ff7-16fc-9e87-4047ad025637
BRONX|HEAT/HOT WATER,2025-09-30,prophet_tuned,complete,28,7957.858329390094,8854.0,-7952.298524886953,0.8987868002473565,-0.8981588575657277,1.9573836401859463,28,15,7133.3409333822665,43914.5118978412,
BRONX|HEAT/HOT WATER,2025-09-30,snaive7,complete,28,7680.0,8854.0,-7662.0,0.8674045629094195,-0.8653715834651006,1.8890392030615863,0,0,0.0,0.0,
BRONX|HEAT/HOT WATER,2025-10-31,ai_forecast_v2,complete,28,5104.34912109375,15340.0,-2806.5140380859375,0.33274766108824966,-0.18295397901472865,1.2682261432238953,28,26,20744.389739990234,26131.51742553711,01f1bc37-611b-1f1a-a02f-5320b4f237ac
BRONX|HEAT/HOT WATER,2025-10-31,prophet_tuned,complete,28,9178.085991776312,15340.0,7580.888607542354,0.5983106904678169,0.4941909131383543,2.2803864554299054,28,9,12319.561098959683,52864.37211972095,
BRONX|HEAT/HOT WATER,2025-10-31,snaive7,complete,28,5936.0,15340.0,2096.0,0.38696219035202084,0.13663624511082137,1.4748580490050642,0,0,0.0,0.0,
BRONX|HEAT/HOT WATER,2025-11-30,ai_forecast_v2,complete,28,6107.3564453125,20722.0,-3434.335205078125,0.29472813653665186,-0.1657337711165971,1.5256275835411952,28,25,22381.990661621094,27360.264587402344,01f1bc37-a2b8-1f16-aef4-82e97a1d86e5
BRONX|HEAT/HOT WATER,2025-11-30,prophet_tuned,complete,28,5237.108311452697,20722.0,-2223.223818294932,0.25273179767651277,-0.10728809083558208,1.3082381828356284,28,18,12326.787053093818,26105.721776122242,
BRONX|HEAT/HOT WATER,2025-11-30,snaive7,complete,28,8296.0,20722.0,-6394.0,0.4003474568091883,-0.3085609497152784,2.072354306873953,0,0,0.0,0.0,
BRONX|Illegal Parking,2024-12-31,ai_forecast_v2,complete,28,684.6422424316406,5357.0,-196.93576049804688,0.12780329334172869,-0.036762322288229766,0.8783716254564959,28,21,2051.478775024414,3105.2196197509766,01f1bc34-8aee-1437-bfec-8cc07c50d616
BRONX|Illegal Parking,2024-12-31,prophet_tuned,complete,28,780.9476196716045,5357.0,-261.01338358241026,0.1457807764927393,-0.048723797569985114,1.0019279962203322,28,18,1846.1578927227752,3429.8008470005643,
BRONX|Illegal Parking,2024-12-31,snaive7,complete,28,1127.0,5357.0,-905.0,0.2103789434384917,-0.1689378383423558,1.4459008815663488,0,0,0.0,0.0,
BRONX|Illegal Parking,2025-01-31,ai_forecast_v2,complete,28,683.9869689941406,6044.0,-411.66583251953125,0.11316793001226681,-0.06811148784241086,0.8812261063206056,28,22,1969.1616821289062,3514.0780639648438,01f1bc34-e3ea-1d2d-8c6c-61b64cdc71c7
BRONX|Illegal Parking,2025-01-31,prophet_tuned,complete,28,873.3068287702908,6044.0,-652.3074388242144,0.1444915335490223,-0.10792644586767279,1.1251395292985937,28,20,1819.4441545100337,4444.304132400821,
BRONX|Illegal Parking,2025-01-31,snaive7,complete,28,972.0,6044.0,-608.0,0.16082064857710127,-0.10059563203176704,1.2522925350511558,0,0,0.0,0.0,
BRONX|Illegal Parking,2025-02-28,ai_forecast_v2,complete,28,1239.1573486328125,7218.0,-1199.9103698730469,0.1716759973168208,-0.16623862148421265,1.600628752021261,28,12,1820.1213684082031,6831.870941162109,01f1bc35-25ef-190e-9b03-74990bb07c2f
BRONX|Illegal Parking,2025-02-28,prophet_tuned,complete,28,1415.5553938497999,7218.0,-1390.5762183544873,0.19611462923937378,-0.19265395100505506,1.8284834173599096,28,11,1851.4341697814696,8047.9661758404945,
BRONX|Illegal Parking,2025-02-28,snaive7,complete,28,1048.0,7218.0,-474.0,0.1451925741202549,-0.0656691604322527,1.3537093848243373,0,0,0.0,0.0,
BRONX|Illegal Parking,2025-03-31,ai_forecast_v2,complete,28,511.2057647705078,6564.0,119.78166198730469,0.0778802201051962,0.01824827269763935,0.6563355503414039,28,26,2286.3436737060547,2482.8220977783203,01f1bc35-67b6-13d8-8639-8d503d80a6bd
BRONX|Illegal Parking,2025-03-31,prophet_tuned,complete,28,410.35363256146155,6564.0,-7.24450781298151,0.06251578801972296,-0.0011036727320203397,0.5268517998476201,28,27,1882.6411418728223,2102.2883234285314,
BRONX|Illegal Parking,2025-03-31,snaive7,complete,28,1098.0,6564.0,884.0,0.16727605118829983,0.13467397928092625,1.4097189115196715,0,0,0.0,0.0,
BRONX|Illegal Parking,2025-04-30,ai_forecast_v2,complete,28,503.07716369628906,6507.0,205.9566192626953,0.07731322632492532,0.031651547450852205,0.646454618800653,28,24,2011.080062866211,2558.802536010742,01f1bc35-abed-1d79-80d1-e6e9ba6f2f02
BRONX|Illegal Parking,2025-04-30,prophet_tuned,complete,28,672.2916303540869,6507.0,591.6955150543521,0.10331821582205117,0.0909321523058786,0.863895364341752,28,20,1877.524650606534,2899.0696466979352,
BRONX|Illegal Parking,2025-04-30,snaive7,complete,28,735.0,6507.0,461.0,0.11295527893038267,0.07084678039034885,0.9444756771057244,0,0,0.0,0.0,
BRONX|Illegal Parking,2025-05-31,ai_forecast_v2,complete,28,569.6113433837891,6323.0,-90.51322937011719,0.09008561495868876,-0.01431491845170286,0.7333577198539792,28,24,1850.1038055419922,2671.5033416748047,01f1bc35-eefd-15e9-8cb3-00f13035cbf0
BRONX|Illegal Parking,2025-05-31,prophet_tuned,complete,28,959.1452585123334,6323.0,766.1238366026696,0.1516914848192841,0.12116461119763872,1.2348710887898,28,15,1875.7497416973565,4292.0969383928605,
BRONX|Illegal Parking,2025-05-31,snaive7,complete,28,891.0,6323.0,-247.0,0.1409141230428594,-0.03906373556855923,1.147136088456787,0,0,0.0,0.0,
BRONX|Illegal Parking,2025-06-30,ai_forecast_v2,complete,28,657.7728424072266,6265.0,-49.07139587402344,0.10499167476571852,-0.007832625039748353,0.8463022186340359,28,23,1949.906753540039,3101.947463989258,01f1bc36-328a-1d40-a1bf-7b9f59c7ab59
BRONX|Illegal Parking,2025-06-30,prophet_tuned,complete,28,692.6703414988633,6265.0,250.09321540164996,0.1105619060652615,0.03991910860361532,0.8912019606147895,28,19,1898.5339252797417,3190.3322915233452,
BRONX|Illegal Parking,2025-06-30,snaive7,complete,28,813.0,6265.0,123.0,0.1297685554668795,0.019632881085395053,1.0460202358483872,0,0,0.0,0.0,
BRONX|Illegal Parking,2025-07-31,ai_forecast_v2,complete,28,663.5501098632812,6498.0,-362.3674011230469,0.10211605261053881,-0.055765989708071236,0.852436982571176,28,23,1939.563980102539,2643.1400299072266,01f1bc36-790a-113f-865f-89140e966f9d
BRONX|Illegal Parking,2025-07-31,prophet_tuned,complete,28,766.7003073570934,6498.0,-585.5219781599463,0.11799019811589619,-0.09010802987995481,0.9849500238565779,28,17,1902.2462690141272,3376.588071381249,
BRONX|Illegal Parking,2025-07-31,snaive7,complete,28,1008.0,6498.0,202.0,0.15512465373961218,0.031086488150200063,1.294938340992495,0,0,0.0,0.0,
BRONX|Illegal Parking,2025-08-31,ai_forecast_v2,complete,28,1395.5575408935547,7463.0,-1327.3642120361328,0.18699685661175863,-0.1778593343208003,1.7929962548559661,28,12,2023.9077606201172,7118.814682006836,01f1bc36-bf36-1139-af85-93e4a6d669b2
BRONX|Illegal Parking,2025-08-31,prophet_tuned,complete,28,982.4193065036361,7463.0,-877.3053473460403,0.13163865824784082,-0.11755397927723976,1.262201009735055,28,14,1888.838286633438,5162.990377762755,
BRONX|Illegal Parking,2025-08-31,snaive7,complete,28,1141.0,7463.0,-947.0,0.1528875787216937,-0.12689267050783867,1.4659436582462637,0,0,0.0,0.0,
BRONX|Illegal Parking,2025-09-30,ai_forecast_v2,complete,28,716.3757934570312,7180.0,-161.084228515625,0.09977378738955867,-0.02243512931972493,0.9158189355406787,28,23,2425.653350830078,3037.502716064453,01f1bc37-0357-1abb-930b-00c4b3f64391
BRONX|Illegal Parking,2025-09-30,prophet_tuned,complete,28,774.141471889917,7180.0,-355.935219064444,0.10781914650277397,-0.049573150287527026,0.9896669111651702,28,20,1933.4945726418266,3262.41731024448,
BRONX|Illegal Parking,2025-09-30,snaive7,complete,28,764.0,7180.0,396.0,0.1064066852367688,0.05515320334261838,0.9767019951589782,0,0,0.0,0.0,
BRONX|Illegal Parking,2025-10-31,ai_forecast_v2,complete,28,661.1335754394531,6491.0,305.6650085449219,0.10185388621775583,0.047090588282995206,0.8416250094517252,28,23,2338.4144744873047,3012.4798736572266,01f1bc37-4534-1470-a303-103854bf2923
BRONX|Illegal Parking,2025-10-31,prophet_tuned,complete,28,744.9325174212086,6491.0,503.81125539081165,0.11476390655079473,0.0776168934510571,0.9483013120287958,28,20,1945.0971389512233,3544.7903388588284,
BRONX|Illegal Parking,2025-10-31,snaive7,complete,28,925.0,6491.0,641.0,0.142505006932676,0.09875211831767063,1.1775277533369526,0,0,0.0,0.0,
BRONX|Illegal Parking,2025-11-30,ai_forecast_v2,complete,28,668.0948333740234,5907.0,-86.73069763183594,0.11310222335771516,-0.014682698092404932,0.8493180783397724,28,23,2205.0364990234375,3128.333770751953,01f1bc37-8676-1f00-9fb2-270a7da73ff3
BRONX|Illegal Parking,2025-11-30,prophet_tuned,complete,28,765.481875186415,5907.0,362.9375976043867,0.12958894111840444,0.061441949822987424,0.9731217227858445,28,20,1956.799154939235,3439.507200251777,
BRONX|Illegal Parking,2025-11-30,snaive7,complete,28,629.0,5907.0,-31.0,0.10648383274081598,-0.0052480108346030134,0.7996186238677896,0,0,0.0,0.0,
BRONX|Noise - Residential,2024-12-31,ai_forecast_v2,complete,28,42562.04951477051,52140.0,-41741.23307800293,0.8163032127880803,-0.8005606650940339,5.875033794624659,28,17,72523.8140411377,146670.32145690918,01f1bc34-aeba-1a47-8fe4-d71e2dd3ce34
BRONX|Noise - Residential,2024-12-31,prophet_tuned,complete,28,44021.581541741754,52140.0,-32033.927654672996,0.8442957718017214,-0.6143829623067318,6.076499656361824,28,13,32384.511569197795,332553.30046803027,
BRONX|Noise - Residential,2024-12-31,snaive7,complete,28,54028.0,52140.0,-4572.0,1.036210203298811,-0.08768699654775604,7.457731229456575,0,0,0.0,0.0,
BRONX|Noise - Residential,2025-01-31,ai_forecast_v2,complete,28,5094.397216796875,10872.0,-3416.645477294922,0.46857958211891787,-0.31426098944949615,0.6036020918302785,28,21,56611.79067993164,57323.5166015625,01f1bc34-f37a-13ea-926c-509f80c640c4
BRONX|Noise - Residential,2025-01-31,prophet_tuned,complete,28,23920.602401158627,10872.0,22819.522619811567,2.200202575529675,2.098925921616222,2.8341970664505856,28,5,38000.31648787098,102465.0962683347,
BRONX|Noise - Residential,2025-01-31,snaive7,complete,28,5276.0,10872.0,-3944.0,0.4852832965415747,-0.36276674025018396,0.6251190280169954,0,0,0.0,0.0,
BRONX|Noise - Residential,2025-02-28,ai_forecast_v2,complete,28,3140.3951263427734,8322.0,-1437.1541290283203,0.3773606256119651,-0.17269335845089165,0.3842794359643654,28,20,32902.570877075195,35447.84324645996,01f1bc35-35d7-1720-ac38-ecf36e84b4d5
BRONX|Noise - Residential,2025-02-28,prophet_tuned,complete,28,18773.964505213018,8322.0,16857.97830229286,2.2559438242265104,2.025712365091668,2.297305976041315,28,17,38611.18403248901,50361.900032787795,
BRONX|Noise - Residential,2025-02-28,snaive7,complete,28,7256.0,8322.0,3138.0,0.8719057918769526,0.37707281903388606,0.8878919611000218,0,0,0.0,0.0,
BRONX|Noise - Residential,2025-03-31,ai_forecast_v2,complete,28,2189.3628997802734,7652.0,-784.7404022216797,0.2861164270491732,-0.10255363332745422,0.2655433449434893,28,18,13145.49446105957,19739.436264038086,01f1bc35-779c-1526-9c25-bd64755a0eea
BRONX|Noise - Residential,2025-03-31,prophet_tuned,complete,28,13593.329387826803,7652.0,12470.619255014797,1.7764413732131212,1.6297202371948245,1.6487070987292367,28,28,38002.249212347495,38002.249212347495,
BRONX|Noise - Residential,2025-03-31,snaive7,complete,28,2574.0,7652.0,-260.0,0.336382645060115,-0.03397804495556717,0.31219519155693154,0,0,0.0,0.0,
BRONX|Noise - Residential,2025-04-30,ai_forecast_v2,complete,28,1116.5897979736328,7240.0,-761.9372711181641,0.1542251102173526,-0.10523995457433205,0.13636831725993429,28,26,6227.762191772461,6451.334884643555,01f1bc35-bbf4-1423-8bfc-43009441642e
BRONX|Noise - Residential,2025-04-30,prophet_tuned,complete,28,14690.70485569356,7240.0,14690.70485569356,2.0291028806206577,2.0291028806206577,1.7941653274720175,28,28,38602.659054000906,38602.659054000906,
BRONX|Noise - Residential,2025-04-30,snaive7,complete,28,1326.0,7240.0,-1064.0,0.18314917127071823,-0.14696132596685083,0.1619434361793648,0,0,0.0,0.0,
BRONX|Noise - Residential,2025-05-31,ai_forecast_v2,complete,28,1012.7485504150391,6277.0,801.9976043701172,0.16134276731162006,0.1277676604062637,0.13511685952123798,28,23,4778.816482543945,5438.259689331055,01f1bc35-ff8a-1a2d-a2f9-90e7674c2ea2
BRONX|Noise - Residential,2025-05-31,prophet_tuned,complete,28,8728.733635246042,6277.0,8728.733635246042,1.3905900326981109,1.3905900326981109,1.1645527173635644,28,28,34295.58588658543,34295.58588658543,
BRONX|Noise - Residential,2025-05-31,snaive7,complete,28,1669.0,6277.0,1543.0,0.2658913493707185,0.24581806595507408,0.22267130221862957,0,0,0.0,0.0,
BRONX|Noise - Residential,2025-06-30,ai_forecast_v2,complete,28,1190.4527435302734,6003.0,192.64305114746094,0.19830963577049365,0.03209112962643027,0.1624829370689499,28,16,3143.3361206054688,5794.591156005859,01f1bc36-43a9-1ba1-aa90-bf0c1f2442a0
BRONX|Noise - Residential,2025-06-30,prophet_tuned,complete,28,6301.838818556749,6003.0,6245.082643451295,1.0497815789699732,1.0403269437699973,0.860127615933528,28,28,30868.313199867174,30868.313199867174,
BRONX|Noise - Residential,2025-06-30,snaive7,complete,28,1161.0,6003.0,-419.0,0.1934032983508246,-0.06979843411627519,0.15846298054438782,0,0,0.0,0.0,
BRONX|Noise - Residential,2025-07-31,ai_forecast_v2,complete,28,1296.4322814941406,6981.0,-1226.37109375,0.1857086780538806,-0.17567269642601346,0.19488359117582224,28,27,2985.954833984375,8538.552490234375,01f1bc36-89aa-1c95-8b18-784f336ac085
BRONX|Noise - Residential,2025-07-31,prophet_tuned,complete,28,2516.8324932200926,6981.0,-2158.916809664816,0.3605260697923066,-0.30925609649975877,0.3783378134501866,28,28,22716.742386976115,22716.742386976115,
BRONX|Noise - Residential,2025-07-31,snaive7,complete,28,1239.0,6981.0,-509.0,0.17748173614095403,-0.07291219023062598,0.18625019826609052,0,0,0.0,0.0,
BRONX|Noise - Residential,2025-08-31,ai_forecast_v2,complete,28,6663.645492553711,12900.0,-6312.741836547852,0.516561666089435,-0.48935983229053115,1.0645620134833536,28,17,3708.9415130615234,53743.02323913574,01f1bc36-cf49-13a2-a8d5-0f6a5261d444
BRONX|Noise - Residential,2025-08-31,prophet_tuned,complete,28,10229.888832754636,12900.0,2312.61448740941,0.7930146381980337,0.17927244088445038,1.6342932807091206,28,24,31508.544166322805,35459.04891299291,
BRONX|Noise - Residential,2025-08-31,snaive7,complete,28,6408.0,12900.0,-6192.0,0.4967441860465116,-0.48,1.0237209332375576,0,0,0.0,0.0,
BRONX|Noise - Residential,2025-09-30,ai_forecast_v2,complete,28,18161.689361572266,25492.0,-17415.245849609375,0.7124466248851509,-0.6831651439514113,3.238262727997032,28,18,29632.849380493164,79353.7749786377,01f1bc37-12b3-13ae-a411-5c6c5c65d36c
BRONX|Noise - Residential,2025-09-30,prophet_tuned,complete,28,20106.653190906014,25492.0,-20106.653190906014,0.7887436525539783,-0.7887436525539783,3.5850533679228658,28,14,22156.3347092351,118051.39188210691,
BRONX|Noise - Residential,2025-09-30,snaive7,complete,28,16380.0,25492.0,-10464.0,0.6425545269104033,-0.4104817197552173,2.920584226973005,0,0,0.0,0.0,
BRONX|Noise - Residential,2025-10-31,ai_forecast_v2,complete,28,10905.242660522461,17257.0,-8223.267196655273,0.6319315443311387,-0.47651777230429815,1.8257698324445906,28,20,43782.1184387207,68856.78732299805,01f1bc37-54c9-165b-89b8-10f8119b5d5c
BRONX|Noise - Residential,2025-10-31,prophet_tuned,complete,28,11260.794922278143,17257.0,-5541.091073639095,0.6525349088647009,-0.3210923725815087,1.8852968520239848,28,24,29372.05241660561,67019.27965796503,
BRONX|Noise - Residential,2025-10-31,snaive7,complete,28,19015.0,17257.0,343.0,1.1018717042359623,0.019875992350930058,3.1835158964056127,0,0,0.0,0.0,
BRONX|Noise - Residential,2025-11-30,ai_forecast_v2,complete,28,25619.089965820312,36683.0,-23840.1083984375,0.6983913520110218,-0.6498952756982117,3.977976490103357,28,24,69969.00508117676,75381.36820983887,01f1bc37-960b-1c8b-aea6-2548a17a1fda
BRONX|Noise - Residential,2025-11-30,prophet_tuned,complete,28,30780.26979188312,36683.0,-18792.29596233733,0.8390881277944312,-0.5122889611628638,4.779373106324505,28,9,33707.31516981805,183219.72689983246,
BRONX|Noise - Residential,2025-11-30,snaive7,complete,28,31499.0,36683.0,7525.0,0.8586811329498678,0.20513589401084972,4.890973162159061,0,0,0.0,0.0,
BRONX|Noise - Street/Sidewalk,2024-12-31,ai_forecast_v2,complete,28,233.30509185791016,432.0,125.0548324584961,0.5400580830044217,0.28947877883911133,0.14844797333543452,28,24,955.0228385925293,1038.0945091247559,01f1bc34-c9bc-18aa-848f-937edd015e08
BRONX|Noise - Street/Sidewalk,2024-12-31,prophet_tuned,complete,28,1029.7146780310516,432.0,769.1996084622806,2.3835987917385455,1.780554649218242,0.6551895453724382,28,24,4085.4623059428313,5053.984702723277,
BRONX|Noise - Street/Sidewalk,2024-12-31,snaive7,complete,28,550.0,432.0,476.0,1.2731481481481481,1.1018518518518519,0.3499554368243883,0,0,0.0,0.0,
BRONX|Noise - Street/Sidewalk,2025-01-31,ai_forecast_v2,complete,28,252.56173706054688,492.0,-62.7825927734375,0.513336863944201,-0.12760689588097052,0.16059282436933106,28,25,938.1298446655273,991.1655807495117,01f1bc35-0ccc-13d0-bf44-6065bacbad1f
BRONX|Noise - Street/Sidewalk,2025-01-31,prophet_tuned,complete,28,1115.9567455358554,492.0,695.5053739013719,2.2682047673492995,1.4136288087426256,0.7095874764143176,28,25,4113.202186737373,4754.816030308101,
BRONX|Noise - Street/Sidewalk,2025-01-31,snaive7,complete,28,218.0,492.0,-100.0,0.44308943089430897,-0.2032520325203252,0.13861654627486733,0,0,0.0,0.0,
BRONX|Noise - Street/Sidewalk,2025-02-28,ai_forecast_v2,complete,28,696.8057327270508,1305.0,-630.2963638305664,0.5339507530475485,-0.4829857194103957,0.4462223524218187,28,23,1527.4228401184082,2487.341320037842,01f1bc35-4ede-1e79-91b7-4227f178df76
BRONX|Noise - Street/Sidewalk,2025-02-28,prophet_tuned,complete,28,1310.8252558822862,1305.0,85.03543979715722,1.0044637976109474,0.06516125654954577,0.8394298465435386,28,26,4345.242643817424,4949.446471063033,
BRONX|Noise - Street/Sidewalk,2025-02-28,snaive7,complete,28,641.0,1305.0,-413.0,0.49118773946360156,-0.3164750957854406,0.4104853253473841,0,0,0.0,0.0,
BRONX|Noise - Street/Sidewalk,2025-03-31,ai_forecast_v2,complete,28,1671.9411163330078,2964.0,-1103.2604446411133,0.5640826978181538,-0.3722201230233176,1.0862206120395017,28,20,3938.3167877197266,7546.12516784668,01f1bc35-926d-1ebd-acfb-a9002921ae90
BRONX|Noise - Street/Sidewalk,2025-03-31,prophet_tuned,complete,28,1746.7259359774519,2964.0,-514.6273387395192,0.5893137435821363,-0.17362595773937897,1.1348065411562016,28,25,5123.831942658765,6586.7352736657,
BRONX|Noise - Street/Sidewalk,2025-03-31,snaive7,complete,28,1538.0,2964.0,-1024.0,0.5188933873144399,-0.34547908232118757,0.9992022356509901,0,0,0.0,0.0,
BRONX|Noise - Street/Sidewalk,2025-04-30,ai_forecast_v2,complete,28,2790.8854598999023,5362.0,-1443.799919128418,0.5204933718574977,-0.2692651844700518,1.8034929572641956,28,17,6574.795429229736,11911.728031158447,01f1bc35-d64f-17a5-9313-f44f7aaa3da3
BRONX|Noise - Street/Sidewalk,2025-04-30,prophet_tuned,complete,28,2805.3575161812605,5362.0,-611.0623597046199,0.5231923752669266,-0.11396164858348003,1.8128449181223445,28,19,6234.334008985944,13356.254328327313,
BRONX|Noise - Street/Sidewalk,2025-04-30,snaive7,complete,28,3560.0,5362.0,-1206.0,0.6639313688922044,-0.22491607609101083,2.300501048900377,0,0,0.0,0.0,
BRONX|Noise - Street/Sidewalk,2025-05-31,ai_forecast_v2,complete,28,2416.781150817871,6990.0,-1225.2810745239258,0.34574837636879413,-0.17529056860142,1.5741787989771379,28,21,6952.732147216797,11168.229965209961,01f1bc36-18f0-1742-827d-2cd10a8244e9
BRONX|Noise - Street/Sidewalk,2025-05-31,prophet_tuned,complete,28,2381.372677828232,6990.0,36.62505708073061,0.34068278652764405,0.005239636206113106,1.551115367079061,28,21,6254.106074027581,9686.114366691505,
BRONX|Noise - Street/Sidewalk,2025-05-31,snaive7,complete,28,3910.0,6990.0,-1438.0,0.5593705293276109,-0.20572246065808297,2.546792084139543,0,0,0.0,0.0,
BRONX|Noise - Street/Sidewalk,2025-06-30,ai_forecast_v2,complete,28,2905.7360076904297,8688.0,-1898.143539428711,0.33445396036952457,-0.21847876835045016,1.9031249857735129,28,22,6790.347038269043,13247.231727600098,01f1bc36-5e11-1d3c-a137-8717bf165498
BRONX|Noise - Street/Sidewalk,2025-06-30,prophet_tuned,complete,28,3712.8612410585292,8688.0,-1247.0458536556473,0.4273551152231272,-0.1435365853655211,2.4317553204652103,28,15,6200.247270980651,21026.31918527973,
BRONX|Noise - Street/Sidewalk,2025-06-30,snaive7,complete,28,4262.0,8688.0,440.0,0.49056169429097607,0.05064456721915286,2.7914162428725535,0,0,0.0,0.0,
BRONX|Noise - Street/Sidewalk,2025-07-31,ai_forecast_v2,complete,28,1283.8961715698242,6866.0,-458.39542388916016,0.18699332530874224,-0.06676309698356542,0.8287545384724729,28,26,5617.605079650879,5867.158302307129,01f1bc36-a465-1700-844a-ce48fcb23901
BRONX|Noise - Street/Sidewalk,2025-07-31,prophet_tuned,complete,28,2637.925287659914,6866.0,497.3494860346579,0.3842011779289126,0.0724365694778121,1.7027798685826692,28,18,6205.202993490752,10477.170305899699,
BRONX|Noise - Street/Sidewalk,2025-07-31,snaive7,complete,28,2630.0,6866.0,2046.0,0.3830468977570638,0.29799009612583743,1.6976640981159479,0,0,0.0,0.0,
BRONX|Noise - Street/Sidewalk,2025-08-31,ai_forecast_v2,complete,28,1147.4278030395508,4950.0,369.59032440185547,0.23180359657364663,0.07466471200037485,0.7362368279027957,28,23,4468.454940795898,5440.47673034668,01f1bc36-ea4b-143d-a9bc-bced73d4698c
BRONX|Noise - Street/Sidewalk,2025-08-31,prophet_tuned,complete,28,1893.7223104071413,4950.0,1025.4260594491195,0.3825701637186144,0.2071567796866908,1.2150900501535513,28,25,6126.049379498117,6921.632268917807,
BRONX|Noise - Street/Sidewalk,2025-08-31,snaive7,complete,28,1946.0,4950.0,1422.0,0.3931313131313131,0.2872727272727273,1.2486335639624166,0,0,0.0,0.0,
BRONX|Noise - Street/Sidewalk,2025-09-30,ai_forecast_v2,complete,28,906.3318481445312,2934.0,551.9644775390625,0.3089065603764592,0.18812695212646985,0.5868306216874737,28,21,3320.5024642944336,4335.1695556640625,01f1bc37-2c4a-1e5a-b607-3f3f22c6fb0a
BRONX|Noise - Street/Sidewalk,2025-09-30,prophet_tuned,complete,28,1151.4294404628695,2934.0,763.9941593697044,0.3924435720732343,0.2603933740183042,0.7455261069765848,28,26,5774.032869809878,6262.182323509274,
BRONX|Noise - Street/Sidewalk,2025-09-30,snaive7,complete,28,1860.0,2934.0,1686.0,0.6339468302658486,0.5746421267893661,1.2043104946309253,0,0,0.0,0.0,
BRONX|Noise - Street/Sidewalk,2025-10-31,ai_forecast_v2,complete,28,349.27551651000977,1405.0,-38.096797943115234,0.24859467367260482,-0.027115158678373833,0.226122103324422,28,28,1649.8036575317383,1649.8036575317383,01f1bc37-6d7c-118f-887d-2a6c6a306500
BRONX|Noise - Street/Sidewalk,2025-10-31,prophet_tuned,complete,28,990.6528790879953,1405.0,594.5986021654348,0.7050910171444806,0.4232018520750426,0.6413518901126641,28,26,4589.410500522542,4929.769307149896,
BRONX|Noise - Street/Sidewalk,2025-10-31,snaive7,complete,28,603.0,1405.0,431.0,0.4291814946619217,0.30676156583629893,0.3903841576617318,0,0,0.0,0.0,
BRONX|Noise - Street/Sidewalk,2025-11-30,ai_forecast_v2,complete,28,223.6576156616211,596.0,-14.746757507324219,0.3752644558080891,-0.024742881723698353,0.14612105593603408,28,19,725.3330612182617,1211.480369567871,01f1bc37-af1f-1ca0-ae40-5a0de3cf8414
BRONX|Noise - Street/Sidewalk,2025-11-30,prophet_tuned,complete,28,1036.8779329689096,596.0,401.2090126419185,1.7397280754511906,0.673169484298521,0.6774180167931925,28,26,3643.896717498741,3837.9169694020356,
BRONX|Noise - Street/Sidewalk,2025-11-30,snaive7,complete,28,322.0,596.0,248.0,0.540268456375839,0.4161073825503356,0.21037056964153608,0,0,0.0,0.0,
BRONX|UNSANITARY CONDITION,2024-12-31,ai_forecast_v2,complete,28,596.525333404541,3206.0,-292.3267250061035,0.1860652942621775,-0.09118113693265861,0.905794064009575,28,19,1636.5466346740723,2946.5972938537598,01f1bc34-d678-11a6-af7d-3ab35933a7f6
BRONX|UNSANITARY CONDITION,2024-12-31,prophet_tuned,complete,28,605.751803634617,3206.0,-196.9717402841917,0.18894317019170837,-0.06143847170436422,0.9198040003830504,28,21,1925.3159694304625,2848.4343082624373,
BRONX|UNSANITARY CONDITION,2024-12-31,snaive7,complete,28,988.0,3206.0,-842.0,0.30817217716781037,-0.2626325639426076,1.5002288840506894,0,0,0.0,0.0,
BRONX|UNSANITARY CONDITION,2025-01-31,ai_forecast_v2,complete,28,397.3819694519043,2707.0,129.13022994995117,0.1467979200043976,0.047702338363484,0.5912742851175732,28,23,1364.3128852844238,1562.3943977355957,01f1bc35-193b-1080-a673-7a93dfac7cf2
BRONX|UNSANITARY CONDITION,2025-01-31,prophet_tuned,complete,28,374.8656510449627,2707.0,-6.062317760424477,0.13848010751568626,-0.002239496771490387,0.5577717080179966,28,26,1926.3003444900253,2007.1584852727276,
BRONX|UNSANITARY CONDITION,2025-01-31,snaive7,complete,28,411.0,2707.0,157.0,0.1518285925378648,0.05799778352419653,0.6115368835644539,0,0,0.0,0.0,
BRONX|UNSANITARY CONDITION,2025-02-28,ai_forecast_v2,complete,28,366.93629455566406,2628.0,8.049964904785156,0.13962568285984173,0.003063152551288111,0.5460779784381496,28,26,1282.94478225708,1594.8638038635254,01f1bc35-5b44-1449-a465-3c102db01bd0
BRONX|UNSANITARY CONDITION,2025-02-28,prophet_tuned,complete,28,395.61274504130057,2628.0,94.99177467461686,0.15053757421662883,0.03614603298120885,0.5887545365827748,28,26,1947.9988194725538,2033.7766904773728,
BRONX|UNSANITARY CONDITION,2025-02-28,snaive7,complete,28,498.0,2628.0,200.0,0.18949771689497716,0.076103500761035,0.7411281939049077,0,0,0.0,0.0,
BRONX|UNSANITARY CONDITION,2025-03-31,ai_forecast_v2,complete,28,403.33992767333984,2393.0,53.621917724609375,0.1685499070929126,0.022407821865695517,0.5985349318156439,28,24,1418.0343742370605,1745.7625694274902,01f1bc35-9f5d-192a-9dcf-f25865001a71
BRONX|UNSANITARY CONDITION,2025-03-31,prophet_tuned,complete,28,345.4032208404844,2393.0,59.35099992043466,0.14433899742602774,0.024801922240047916,0.5125599501820113,28,27,1929.2914883973372,1929.4713500627154,
BRONX|UNSANITARY CONDITION,2025-03-31,snaive7,complete,28,525.0,2393.0,-77.0,0.21938988717091518,-0.032177183451734225,0.779071987779263,0,0,0.0,0.0,
BRONX|UNSANITARY CONDITION,2025-04-30,ai_forecast_v2,complete,28,377.580810546875,2677.0,-191.49246978759766,0.14104624973734592,-0.07153248778020084,0.5592419094924991,28,22,1196.508285522461,1699.4509811401367,01f1bc35-e2c9-130c-b5af-925388c1ecb3
BRONX|UNSANITARY CONDITION,2025-04-30,prophet_tuned,complete,28,456.8299196041592,2677.0,-300.4336899925426,0.17064995129030974,-0.11222775121125984,0.676619228034149,28,25,1944.5896356215142,2196.0542249493046,
BRONX|UNSANITARY CONDITION,2025-04-30,snaive7,complete,28,529.0,2677.0,-333.0,0.19760926410160629,-0.12439297721329846,0.7835116665305344,0,0,0.0,0.0,
BRONX|UNSANITARY CONDITION,2025-05-31,ai_forecast_v2,complete,28,474.8109321594238,3057.0,-274.4150733947754,0.15531924506359956,-0.08976613457467301,0.7020737555101754,28,21,1351.1396713256836,2171.1044998168945,01f1bc36-2602-16c3-9ea5-1f63c2aac54d
BRONX|UNSANITARY CONDITION,2025-05-31,prophet_tuned,complete,28,525.3772259748757,3057.0,-365.80377048809316,0.1718603944961975,-0.11966103058164644,0.7768430276492702,28,24,1955.0293516504396,2348.438239022329,
BRONX|UNSANITARY CONDITION,2025-05-31,snaive7,complete,28,1003.0,3057.0,-409.0,0.3280994438992476,-0.13379129865881584,1.483074480981555,0,0,0.0,0.0,
BRONX|UNSANITARY CONDITION,2025-06-30,ai_forecast_v2,complete,28,510.8389778137207,3462.0,-327.21125411987305,0.14755603056433295,-0.09451509362214704,0.7550876117583908,28,21,1628.7558250427246,2857.8556327819824,01f1bc36-6b1c-1562-aa48-38a95bc9afee
BRONX|UNSANITARY CONDITION,2025-06-30,prophet_tuned,complete,28,434.50466773852327,3462.0,-151.83536372762592,0.1255068364351598,-0.04385770182773712,0.6422553996656722,28,25,1972.9787062357834,2411.0799718409216,
BRONX|UNSANITARY CONDITION,2025-06-30,snaive7,complete,28,744.0,3462.0,-382.0,0.21490467937608318,-0.11034084344309647,1.0997304582210243,0,0,0.0,0.0,
BRONX|UNSANITARY CONDITION,2025-07-31,ai_forecast_v2,complete,28,307.22242736816406,3189.0,241.9497833251953,0.09633817101541677,0.07587011079498128,0.45577984686785833,28,26,1458.3627128601074,1485.9366416931152,01f1bc36-b152-1bf1-81d3-5aaa646e5cb9
BRONX|UNSANITARY CONDITION,2025-07-31,prophet_tuned,complete,28,436.10873270081834,3189.0,391.61812835671293,0.136754071088372,0.1228027997355638,0.6469891313303003,28,26,1945.518172007141,2052.432590820612,
BRONX|UNSANITARY CONDITION,2025-07-31,snaive7,complete,28,427.0,3189.0,255.0,0.1338977735967388,0.0799623706491063,0.6334758704948076,0,0,0.0,0.0,
BRONX|UNSANITARY CONDITION,2025-08-31,ai_forecast_v2,complete,28,468.0600280761719,3193.0,-153.74234771728516,0.14658942313691573,-0.048149811374032306,0.725757197792263,28,21,1346.249626159668,2079.6336059570312,01f1bc36-f6dd-1dff-bf7b-a202c04c4b0b
BRONX|UNSANITARY CONDITION,2025-08-31,prophet_tuned,complete,28,442.015620246762,3193.0,-35.75684865686213,0.1384327028646295,-0.011198511950160393,0.6853736672393073,28,26,1708.4994105991434,2219.7318762452187,
BRONX|UNSANITARY CONDITION,2025-08-31,snaive7,complete,28,605.0,3193.0,-373.0,0.18947698089570936,-0.11681803946132165,0.9380914376923954,0,0,0.0,0.0,
BRONX|UNSANITARY CONDITION,2025-09-30,ai_forecast_v2,complete,28,407.6674575805664,3425.0,-233.0681381225586,0.11902699491403398,-0.06804909142264484,0.6277559101773914,28,19,1320.0475006103516,1867.8186492919922,01f1bc37-38ee-1165-9ec5-6e7e045fdf21
BRONX|UNSANITARY CONDITION,2025-09-30,prophet_tuned,complete,28,423.801834569118,3425.0,-193.4156382253197,0.12373776191799066,-0.05647171918987436,0.6526007937295492,28,24,1689.7347212448003,1799.6663214523564,
BRONX|UNSANITARY CONDITION,2025-09-30,snaive7,complete,28,533.0,3425.0,-33.0,0.15562043795620437,-0.009635036496350365,0.8207520465584982,0,0,0.0,0.0,
BRONX|UNSANITARY CONDITION,2025-10-31,ai_forecast_v2,complete,28,444.44892501831055,3023.0,194.24777603149414,0.14702246940731412,0.06425662455557199,0.681773928077852,28,23,1558.0581512451172,2529.6751251220703,01f1bc37-79e7-1cfd-ac1b-beb62d43ee35
BRONX|UNSANITARY CONDITION,2025-10-31,prophet_tuned,complete,28,499.8671297568814,3023.0,56.49472207098031,0.165354657544453,0.018688297079384818,0.7667841171115672,28,25,1712.4452439352985,2609.771552931759,
BRONX|UNSANITARY CONDITION,2025-10-31,snaive7,complete,28,871.0,3023.0,-3.0,0.28812437975521005,-0.0009923916639100231,1.3360929860081099,0,0,0.0,0.0,
BRONX|UNSANITARY CONDITION,2025-11-30,ai_forecast_v2,complete,28,495.9701271057129,2879.0,130.49656295776367,0.17227166624026152,0.04532704513989707,0.7664949322603503,28,24,1488.366008758545,2430.6066093444824,01f1bc37-bba3-1196-825c-1d7376eb01b8
BRONX|UNSANITARY CONDITION,2025-11-30,prophet_tuned,complete,28,442.2691316995815,2879.0,35.488168520396336,0.15361901066327943,0.01232656079207931,0.6835029563598285,28,25,1704.0717630268975,2602.3310953159476,
BRONX|UNSANITARY CONDITION,2025-11-30,snaive7,complete,28,785.0,2879.0,-447.0,0.2726641194859326,-0.1552622438346648,1.2131749251424708,0,0,0.0,0.0,
BROOKLYN|HEAT/HOT WATER,2024-12-31,ai_forecast_v2,complete,28,7376.306335449219,15930.0,-7165.281799316406,0.46304496769926046,-0.44979797861371035,2.472607502088512,28,19,11139.434310913086,39038.49559020996,01f1bc34-bf75-17f8-a8ff-5fa0dcaa66c2
BROOKLYN|HEAT/HOT WATER,2024-12-31,prophet_tuned,complete,28,6136.388910765495,15930.0,-3477.852234428059,0.3852095989181102,-0.21832091867093906,2.0569754788481793,28,18,9819.02553415096,36100.26031925958,
BROOKLYN|HEAT/HOT WATER,2024-12-31,snaive7,complete,28,8520.0,15930.0,-8294.0,0.5348399246704332,-0.5206528562460766,2.8559844127611274,0,0,0.0,0.0,
BROOKLYN|HEAT/HOT WATER,2025-01-31,ai_forecast_v2,complete,28,2943.6852416992188,10026.0,-2081.9134521484375,0.29360515077789934,-0.2076514514410969,0.9603962885236746,28,25,9570.715728759766,12208.95883178711,01f1bc35-03a4-1c40-a3b0-4bbb8700faf3
BROOKLYN|HEAT/HOT WATER,2025-01-31,prophet_tuned,complete,28,2682.4887100269893,10026.0,-653.2529554080495,0.2675532325979443,-0.06515589022621679,0.8751792360889301,28,24,9846.942040230766,13332.111628162591,
BROOKLYN|HEAT/HOT WATER,2025-01-31,snaive7,complete,28,3272.0,10026.0,-610.0,0.32635148613604625,-0.060841811290644324,1.0675110951181481,0,0,0.0,0.0,
BROOKLYN|HEAT/HOT WATER,2025-02-28,ai_forecast_v2,complete,28,1621.9835205078125,6512.0,-274.1502685546875,0.24907609344407441,-0.04209924271417191,0.5249250026510717,28,24,7267.779762268066,9250.908042907715,01f1bc35-4595-19fb-aa46-508f45d2703e
BROOKLYN|HEAT/HOT WATER,2025-02-28,prophet_tuned,complete,28,1967.1012174603695,6512.0,1127.121107900874,0.30207328277954076,0.17308370821573618,0.6366159697276267,28,27,10088.717243016828,10232.051317029282,
BROOKLYN|HEAT/HOT WATER,2025-02-28,snaive7,complete,28,2246.0,6512.0,100.0,0.3449017199017199,0.015356265356265357,0.726876408451542,0,0,0.0,0.0,
BROOKLYN|HEAT/HOT WATER,2025-03-31,ai_forecast_v2,complete,28,1808.2158279418945,4281.0,-535.1454696655273,0.4223816463307392,-0.12500478151495617,0.5898479733953864,28,22,5410.4091720581055,7059.3715744018555,01f1bc35-882b-1fef-a6b0-9a5bc042fb8b
BROOKLYN|HEAT/HOT WATER,2025-03-31,prophet_tuned,complete,28,1964.941381250299,4281.0,494.330217852646,0.4589912126256246,0.1154707353077893,0.6409725397052902,28,27,9485.648669588081,9486.856050246395,
BROOKLYN|HEAT/HOT WATER,2025-03-31,snaive7,complete,28,2397.0,4281.0,395.0,0.559915907498248,0.09226816164447559,0.781911965585435,0,0,0.0,0.0,
BROOKLYN|HEAT/HOT WATER,2025-04-30,ai_forecast_v2,complete,28,1037.225486755371,1794.0,-238.47440338134766,0.5781635935091255,-0.13292887590933536,0.33695578929967135,28,21,2736.179054260254,6053.251655578613,01f1bc35-cc80-186d-99e1-d2ce6e3d75fe
BROOKLYN|HEAT/HOT WATER,2025-04-30,prophet_tuned,complete,28,1686.8964581133007,1794.0,553.9319642320802,0.9402990290486626,0.3087692108317058,0.5480096032816114,28,28,7298.897491095224,7298.897491095224,
BROOKLYN|HEAT/HOT WATER,2025-04-30,snaive7,complete,28,844.0,1794.0,-122.0,0.47045707915273133,-0.06800445930880714,0.27418405139517743,0,0,0.0,0.0,
BROOKLYN|HEAT/HOT WATER,2025-05-31,ai_forecast_v2,complete,28,347.2441101074219,1089.0,-189.77688598632812,0.31886511488284836,-0.17426711293510389,0.11236042496831883,28,25,1191.629295349121,1448.6465072631836,01f1bc36-0f5e-1853-9dd1-2d7fe364b29c
BROOKLYN|HEAT/HOT WATER,2025-05-31,prophet_tuned,complete,28,465.2512115105952,1089.0,175.74788251468576,0.42722792608870086,0.16138464877381611,0.15054488275174446,28,28,6286.391814297576,6286.391814297576,
BROOKLYN|HEAT/HOT WATER,2025-05-31,snaive7,complete,28,689.0,1089.0,663.0,0.6326905417814509,0.6088154269972452,0.22294498466575144,0,0,0.0,0.0,
BROOKLYN|HEAT/HOT WATER,2025-06-30,ai_forecast_v2,complete,28,194.03091430664062,756.0,109.4346923828125,0.2566546485537574,0.14475488410424933,0.06270469365687369,28,27,1016.557991027832,1052.2557754516602,01f1bc36-53b0-1138-8eae-9fbaba1274d4
BROOKLYN|HEAT/HOT WATER,2025-06-30,prophet_tuned,complete,28,411.9126740133124,756.0,302.58489053578853,0.5448580344091434,0.4002445642007785,0.13311723098191083,28,28,6089.634066089187,6089.634066089187,
BROOKLYN|HEAT/HOT WATER,2025-06-30,snaive7,complete,28,600.0,756.0,600.0,0.7936507936507936,0.7936507936507936,0.19390114368407418,0,0,0.0,0.0,
BROOKLYN|HEAT/HOT WATER,2025-07-31,ai_forecast_v2,complete,28,198.96351623535156,712.0,-38.17607116699219,0.27944314077998816,-0.0536180774817306,0.06424745935244003,28,24,675.0970306396484,813.8596954345703,01f1bc36-9aa4-1a4b-867e-73782121ca1a
BROOKLYN|HEAT/HOT WATER,2025-07-31,prophet_tuned,complete,28,456.39864134342116,712.0,18.209316964097006,0.6410093277295241,0.02557488337654074,0.14737603010360517,28,28,5760.00591459772,5760.00591459772,
BROOKLYN|HEAT/HOT WATER,2025-07-31,snaive7,complete,28,236.0,712.0,-88.0,0.33146067415730335,-0.12359550561797752,0.0762069383074253,0,0,0.0,0.0,
BROOKLYN|HEAT/HOT WATER,2025-08-31,ai_forecast_v2,complete,28,154.94337463378906,702.0,36.59165954589844,0.2207170578828904,0.052124871148003474,0.05001085534910702,28,27,959.1185760498047,966.1634063720703,01f1bc36-e041-1de6-af0d-437d42c9e7f6
BROOKLYN|HEAT/HOT WATER,2025-08-31,prophet_tuned,complete,28,714.2434660487853,702.0,418.69662563777536,1.0174408348273294,0.5964339396549506,0.23053536008903383,28,28,6144.98650702978,6144.98650702978,
BROOKLYN|HEAT/HOT WATER,2025-08-31,snaive7,complete,28,236.0,702.0,74.0,0.33618233618233617,0.10541310541310542,0.07617338844132435,0,0,0.0,0.0,
BROOKLYN|HEAT/HOT WATER,2025-09-30,ai_forecast_v2,complete,28,6095.575042724609,7800.0,-6094.325866699219,0.7814839798364884,-0.7813238290640024,2.0065113875468876,28,15,6451.247207641602,26134.84568786621,01f1bc37-22fe-12b9-81b4-c48f50676b08
BROOKLYN|HEAT/HOT WATER,2025-09-30,prophet_tuned,complete,28,4209.838449531472,7800.0,-622.0267473775654,0.5397228781450605,-0.07974701889455967,1.3857738981984447,28,20,9887.111734577196,18828.827515321445,
BROOKLYN|HEAT/HOT WATER,2025-09-30,snaive7,complete,28,7044.0,7800.0,-7044.0,0.9030769230769231,-0.9030769230769231,2.318709246431113,0,0,0.0,0.0,
BROOKLYN|HEAT/HOT WATER,2025-10-31,ai_forecast_v2,complete,28,3714.104949951172,11535.0,-1606.2629699707031,0.32198569136984584,-0.13925123276729112,1.2307335359548546,28,26,16361.415481567383,21111.06330871582,01f1bc37-6437-1157-8fbc-57523c33abb6
BROOKLYN|HEAT/HOT WATER,2025-10-31,prophet_tuned,complete,28,4879.488875760319,11535.0,2589.567611332523,0.4230159406814321,0.22449654194473542,1.6169038513022702,28,17,9854.875414842681,24418.940834665962,
BROOKLYN|HEAT/HOT WATER,2025-10-31,snaive7,complete,28,4459.0,11535.0,2693.0,0.38656263545730385,0.23346337234503683,1.4775675191663185,0,0,0.0,0.0,
BROOKLYN|HEAT/HOT WATER,2025-11-30,ai_forecast_v2,complete,28,4788.497863769531,15220.0,-3245.1902465820312,0.3146187821136354,-0.21321880726557366,1.6027162717052075,28,24,16528.764724731445,22268.422317504883,01f1bc37-a5c3-170e-b852-92815644b6a6
BROOKLYN|HEAT/HOT WATER,2025-11-30,prophet_tuned,complete,28,4042.986656841941,15220.0,440.13638545960896,0.26563644263087655,0.02891829076607155,1.3531927309051184,28,20,9874.888529617565,21033.6855566492,
BROOKLYN|HEAT/HOT WATER,2025-11-30,snaive7,complete,28,6116.0,15220.0,-4252.0,0.4018396846254928,-0.2793692509855453,2.0470329102397664,0,0,0.0,0.0,
BROOKLYN|Illegal Parking,2024-12-31,ai_forecast_v2,complete,28,1970.5225524902344,16075.0,-1311.8177185058594,0.12258305147684195,-0.08160607891171753,1.0053554486592196,28,18,5252.856994628906,8273.761535644531,01f1bc34-a187-19ba-b58c-96e5eb4333c8
BROOKLYN|Illegal Parking,2024-12-31,prophet_tuned,complete,28,1939.9073292867456,16075.0,-1208.7271398018377,0.12067852748284576,-0.07519297914785926,0.9897356419127054,28,21,4652.953934540507,7498.497527743201,
BROOKLYN|Illegal Parking,2024-12-31,snaive7,complete,28,3277.0,16075.0,-2803.0,0.20385692068429237,-0.1743701399688958,1.671916822820829,0,0,0.0,0.0,
BROOKLYN|Illegal Parking,2025-01-31,ai_forecast_v2,complete,28,2729.387451171875,17633.0,-2449.2470703125,0.15478860382078347,-0.1389013253735893,1.3849072617221019,28,17,4812.072052001953,16632.856353759766,01f1bc34-e707-1e49-80f3-8c7ceea15dac
BROOKLYN|Illegal Parking,2025-01-31,prophet_tuned,complete,28,3205.5543400533616,17633.0,-3143.4787985202997,0.1817929076194273,-0.1782724889990529,1.626517144525826,28,13,4639.91765768561,19415.12558893597,
BROOKLYN|Illegal Parking,2025-01-31,snaive7,complete,28,2353.0,17633.0,-1621.0,0.13344297623773607,-0.0919299041569784,1.1939260530537628,0,0,0.0,0.0,
BROOKLYN|Illegal Parking,2025-02-28,ai_forecast_v2,complete,28,2232.8153076171875,20361.0,-2129.7742919921875,0.10966137751668324,-0.10460067246167612,1.1134173912926406,28,26,7487.232971191406,8153.501281738281,01f1bc35-28fd-1e81-973c-f47d3b2900fa
BROOKLYN|Illegal Parking,2025-02-28,prophet_tuned,complete,28,4322.470036623348,20361.0,-4322.470036623348,0.21229163776942922,-0.21229163776942922,2.15544621881592,28,1,4783.309919147366,24629.919298099907,
BROOKLYN|Illegal Parking,2025-02-28,snaive7,complete,28,1757.0,20361.0,-89.0,0.08629242178674917,-0.004371101615834193,0.8761469655942404,0,0,0.0,0.0,
BROOKLYN|Illegal Parking,2025-03-31,ai_forecast_v2,complete,28,1799.4024658203125,18018.0,1001.5181884765625,0.09986693671996406,0.055584315044764264,0.8963251845587575,28,22,6418.126647949219,8822.540100097656,01f1bc35-6aee-18da-971f-e71e980f2d5e
BROOKLYN|Illegal Parking,2025-03-31,prophet_tuned,complete,28,1531.112111752518,18018.0,4.299776708468812,0.08497680717907194,0.00023863784595786502,0.7626833752954129,28,24,4884.402898246387,7416.993250354058,
BROOKLYN|Illegal Parking,2025-03-31,snaive7,complete,28,2706.0,18018.0,2154.0,0.15018315018315018,0.11954711954711955,1.3479229885962614,0,0,0.0,0.0,
BROOKLYN|Illegal Parking,2025-04-30,ai_forecast_v2,complete,28,1631.5126342773438,19577.0,-707.5527954101562,0.0833382353924168,-0.036142044001131746,0.8079927544047134,28,25,5823.086242675781,6373.884582519531,01f1bc35-af14-1a53-989b-69d7896274b9
BROOKLYN|Illegal Parking,2025-04-30,prophet_tuned,complete,28,1370.4570687364262,19577.0,647.7562058135455,0.07000342589448977,0.03308761331223096,0.6787072061211629,28,22,4915.901053890862,6885.742456529939,
BROOKLYN|Illegal Parking,2025-04-30,snaive7,complete,28,1703.0,19577.0,-365.0,0.08698983501047147,-0.018644327527200286,0.8433962642040541,0,0,0.0,0.0,
BROOKLYN|Illegal Parking,2025-05-31,ai_forecast_v2,complete,28,2099.6787719726562,17029.0,1799.3616333007812,0.12330018039653863,0.10566455066655595,1.0382072659750814,28,19,5447.3857421875,8871.696960449219,01f1bc35-f220-119c-b891-d700f68c407c
BROOKLYN|Illegal Parking,2025-05-31,prophet_tuned,complete,28,3462.230365249551,17029.0,3438.1093723004574,0.2033137803305861,0.20189731471609945,1.7119345919302627,28,7,4892.052348289866,17219.670419684884,
BROOKLYN|Illegal Parking,2025-05-31,snaive7,complete,28,1935.0,17029.0,943.0,0.11362969052792296,0.05537612308415057,0.9567801925122025,0,0,0.0,0.0,
BROOKLYN|Illegal Parking,2025-06-30,ai_forecast_v2,complete,28,1724.2912292480469,16130.0,-1426.4822692871094,0.10689964223484481,-0.08843659450013078,0.8452149035865553,28,22,5027.263580322266,6103.678375244141,01f1bc36-35b2-186d-9584-f136c75e6e01
BROOKLYN|Illegal Parking,2025-06-30,prophet_tuned,complete,28,1172.4356303422283,16130.0,900.983543450231,0.0726866478823452,0.05585762823622015,0.5747057408007001,28,27,5073.070565572455,6301.2606913405125,
BROOKLYN|Illegal Parking,2025-06-30,snaive7,complete,28,1988.0,16130.0,-1514.0,0.12324860508369498,-0.09386236825790453,0.9744799485309886,0,0,0.0,0.0,
BROOKLYN|Illegal Parking,2025-07-31,ai_forecast_v2,complete,28,771.4772033691406,15438.0,-125.01022338867188,0.049972613251013126,-0.0080975659663604,0.375463732948532,28,27,4591.090393066406,4820.7916259765625,01f1bc36-7c9f-190b-b3dd-4e94ef7a5f31
BROOKLYN|Illegal Parking,2025-07-31,prophet_tuned,complete,28,1404.279066320058,15438.0,1340.7780246772054,0.09096249943775477,0.08684920486314324,0.6834367341502947,28,27,5104.952689561035,5783.905292121113,
BROOKLYN|Illegal Parking,2025-07-31,snaive7,complete,28,1278.0,15438.0,-62.0,0.08278274387874077,-0.004016064257028112,0.6219790404858228,0,0,0.0,0.0,
BROOKLYN|Illegal Parking,2025-08-31,ai_forecast_v2,complete,28,2772.1657104492188,19750.0,-2146.7662963867188,0.1403628207822389,-0.10869702766515031,1.3500073822185235,28,14,5107.841796875,12541.6455078125,01f1bc36-c241-1194-b261-4fadce910278
BROOKLYN|Illegal Parking,2025-08-31,prophet_tuned,complete,28,1717.3960521015565,19750.0,-596.3154895291049,0.08695676213172437,-0.030193189343245816,0.8363487578649639,28,20,5114.856774214997,8181.496315160595,
BROOKLYN|Illegal Parking,2025-08-31,snaive7,complete,28,4424.0,19750.0,-4342.0,0.224,-0.2198481012658228,2.1544284443107617,0,0,0.0,0.0,
BROOKLYN|Illegal Parking,2025-09-30,ai_forecast_v2,complete,28,2176.9742431640625,17701.0,2034.4727783203125,0.1229859467354422,0.11493547134739916,1.053161678302641,28,20,5794.931945800781,8742.346496582031,01f1bc37-066f-1456-8a87-e2d4208293a6
BROOKLYN|Illegal Parking,2025-09-30,prophet_tuned,complete,28,1321.0423805466153,17701.0,797.7356830141082,0.07463094630510227,0.0450672664264227,0.6390848283915777,28,23,5073.868156274071,6627.957919158092,
BROOKLYN|Illegal Parking,2025-09-30,snaive7,complete,28,2501.0,17701.0,1983.0,0.14129145246031297,0.11202756906389469,1.2099166380612079,0,0,0.0,0.0,
BROOKLYN|Illegal Parking,2025-10-31,ai_forecast_v2,complete,28,1589.94384765625,17551.0,376.3671875,0.09058992921521565,0.021444201897327788,0.7649531378239597,28,24,5775.614166259766,8653.327178955078,01f1bc37-4855-1d3e-afc7-902c176f379b
BROOKLYN|Illegal Parking,2025-10-31,prophet_tuned,complete,28,1682.4776238029585,17551.0,539.6044858567137,0.09586220863785302,0.030744942502234272,0.8094729505975163,28,23,5083.4474141541605,9191.998113834574,
BROOKLYN|Illegal Parking,2025-10-31,snaive7,complete,28,2513.0,17551.0,141.0,0.14318272463107515,0.008033730271779387,1.2090535387053638,0,0,0.0,0.0,
BROOKLYN|Illegal Parking,2025-11-30,ai_forecast_v2,complete,28,1825.2102966308594,16014.0,107.98812866210938,0.11397591461414133,0.006743357603478792,0.880346282869261,28,23,6315.116516113281,7731.7025146484375,01f1bc37-89a3-1d72-bd80-4638326f55a5
BROOKLYN|Illegal Parking,2025-11-30,prophet_tuned,complete,28,1803.6278507146098,16014.0,1074.8913072447951,0.11262819100253589,0.06712197497469684,0.8699365092269199,28,21,5046.986358569845,8884.313742378194,
BROOKLYN|Illegal Parking,2025-11-30,snaive7,complete,28,2926.0,16014.0,-1546.0,0.18271512426626701,-0.09654052703884101,1.4112857178322287,0,0,0.0,0.0,
BROOKLYN|Noise - Residential,2024-12-31,ai_forecast_v2,complete,28,846.5803680419922,6495.0,319.1143341064453,0.1303433976969965,0.049132307021777566,0.7209067147566406,28,16,1981.9532775878906,4256.457824707031,01f1bc34-b1f0-14a1-8954-2223c5ef7f1d
BROOKLYN|Noise - Residential,2024-12-31,prophet_tuned,complete,28,1397.3121609164712,6495.0,805.2211356640491,0.2151365913651226,0.12397554051794445,1.1898831551522935,28,20,3611.426080053761,9019.250667053228,
BROOKLYN|Noise - Residential,2024-12-31,snaive7,complete,28,1465.0,6495.0,1105.0,0.22555812163202463,0.17013086989992302,1.2475228306571033,0,0,0.0,0.0,
BROOKLYN|Noise - Residential,2025-01-31,ai_forecast_v2,complete,28,662.9934387207031,6411.0,394.40692138671875,0.10341498030271458,0.06152034337649645,0.5599345945732085,28,18,1671.8004455566406,2910.400146484375,01f1bc34-f6b0-1f58-87f8-3b9a7865e987
BROOKLYN|Noise - Residential,2025-01-31,prophet_tuned,complete,28,1017.8662515309742,6411.0,772.5298494672863,0.15876871806753615,0.12050067843819784,0.8596442944902859,28,22,3719.826636828062,5939.5198816607435,
BROOKLYN|Noise - Residential,2025-01-31,snaive7,complete,28,901.0,6411.0,41.0,0.14053969739510216,0.006395258150054594,0.7609442872978268,0,0,0.0,0.0,
BROOKLYN|Noise - Residential,2025-02-28,ai_forecast_v2,complete,28,694.8744049072266,7078.0,-190.73130798339844,0.09817383510980879,-0.026947062444673417,0.5824543007367222,28,19,1773.8462524414062,3131.329315185547,01f1bc35-38f6-183d-9bd8-639246cfa6ea
BROOKLYN|Noise - Residential,2025-02-28,prophet_tuned,complete,28,961.818280659686,7078.0,-354.19318599036603,0.13588842620227268,-0.05004142215178949,0.8062107197231257,28,23,3632.0336473181624,4328.258059279151,
BROOKLYN|Noise - Residential,2025-02-28,snaive7,complete,28,944.0,7078.0,-594.0,0.13337100875953659,-0.08392201186775926,0.7912751657169976,0,0,0.0,0.0,
BROOKLYN|Noise - Residential,2025-03-31,ai_forecast_v2,complete,28,830.6155700683594,7689.0,-246.07034301757812,0.10802647549334886,-0.03200290584179713,0.6990848177420159,28,20,2302.8775177001953,3956.0745391845703,01f1bc35-7b21-14c3-9593-208195c137d9
BROOKLYN|Noise - Residential,2025-03-31,prophet_tuned,complete,28,1397.5660613496657,7689.0,-1209.8015974285195,0.18176174552603272,-0.15734186466751457,1.1762568033737313,28,19,3671.2511317854446,5885.399734661308,
BROOKLYN|Noise - Residential,2025-03-31,snaive7,complete,28,805.0,7689.0,-301.0,0.10469501885810899,-0.039146833138249446,0.6775255588286259,0,0,0.0,0.0,
BROOKLYN|Noise - Residential,2025-04-30,ai_forecast_v2,complete,28,1367.6248626708984,9176.0,-902.4045257568359,0.14904368599290524,-0.09834399801186093,1.151980114538672,28,19,2695.6046752929688,7321.9483642578125,01f1bc35-c00c-1618-9394-06450dd4f8bb
BROOKLYN|Noise - Residential,2025-04-30,prophet_tuned,complete,28,1707.1980264758656,9176.0,-1587.3736476060292,0.18605035162117106,-0.17299189707999446,1.4380099629360965,28,18,3739.710530419423,9530.298013733853,
BROOKLYN|Noise - Residential,2025-04-30,snaive7,complete,28,1598.0,9176.0,-956.0,0.17414995640802092,-0.1041848299912816,1.3460300944205477,0,0,0.0,0.0,
BROOKLYN|Noise - Residential,2025-05-31,ai_forecast_v2,complete,28,1004.8055267333984,8614.0,333.2050018310547,0.11664795991797057,0.03868179728709713,0.8560187651208336,28,23,3413.475860595703,4248.994964599609,01f1bc36-02b0-1b3d-ae85-e9ac7560847f
BROOKLYN|Noise - Residential,2025-05-31,prophet_tuned,complete,28,887.3186909337381,8614.0,-35.7510576995339,0.10300890305708592,-0.004150343359592977,0.755928813957713,28,25,3681.1016258552404,4477.223922380376,
BROOKLYN|Noise - Residential,2025-05-31,snaive7,complete,28,2364.0,8614.0,1758.0,0.2744369630833527,0.20408637102391455,2.0139502688887707,0,0,0.0,0.0,
BROOKLYN|Noise - Residential,2025-06-30,ai_forecast_v2,complete,28,1090.7285919189453,7677.0,-46.51283264160156,0.14207745107710634,-0.006058725106369879,0.9435128387035782,28,18,3362.225814819336,5098.896347045898,01f1bc36-46e9-148a-bdb0-eb75bd0c8450
BROOKLYN|Noise - Residential,2025-06-30,prophet_tuned,complete,28,1381.9364821062416,7677.0,-743.204274628341,0.18000996249918477,-0.09680920602166744,1.1954163692052464,28,22,3659.8166669282346,7436.8366256727895,
BROOKLYN|Noise - Residential,2025-06-30,snaive7,complete,28,917.0,7677.0,35.0,0.11944770092484043,0.0045590725543832224,0.7932324131789849,0,0,0.0,0.0,
BROOKLYN|Noise - Residential,2025-07-31,ai_forecast_v2,complete,28,1049.7899780273438,8428.0,-898.7392578125,0.12455979805734976,-0.10663731108359041,0.9100649029785012,28,21,2702.4759979248047,4877.376205444336,01f1bc36-8d02-1405-89c1-4ab1edf7f7ec
BROOKLYN|Noise - Residential,2025-07-31,prophet_tuned,complete,28,1027.7784233683753,8428.0,-710.3334102369267,0.12194808060849256,-0.08428255935416787,0.8909830449169849,28,23,3618.8357562628617,6209.517316490004,
BROOKLYN|Noise - Residential,2025-07-31,snaive7,complete,28,1330.0,8428.0,-684.0,0.15780730897009967,-0.08115804461319412,1.1529794971331684,0,0,0.0,0.0,
BROOKLYN|Noise - Residential,2025-08-31,ai_forecast_v2,complete,28,1157.5665588378906,8838.0,216.53543090820312,0.13097607590381202,0.02450050134738664,0.9980856775266315,28,21,3087.1698608398438,6913.491882324219,01f1bc36-d27a-18d4-86f3-052eb86092e9
BROOKLYN|Noise - Residential,2025-08-31,prophet_tuned,complete,28,2007.6014555740044,8838.0,1264.745352595403,0.22715562973229286,0.1431031175147548,1.7310091101816676,28,14,3524.6960661107537,10830.439222484332,
BROOKLYN|Noise - Residential,2025-08-31,snaive7,complete,28,2430.0,8838.0,1322.0,0.27494908350305497,0.14958135324734104,2.0952127356068244,0,0,0.0,0.0,
BROOKLYN|Noise - Residential,2025-09-30,ai_forecast_v2,complete,28,587.8207244873047,8972.0,18.585769653320312,0.06551724526162558,0.0020715302779001684,0.4942983805274387,28,21,2350.7461547851562,2838.390350341797,01f1bc37-15df-1cbb-83ed-c7c542f1965a
BROOKLYN|Noise - Residential,2025-09-30,prophet_tuned,complete,28,1257.880236869662,8972.0,974.0648771036721,0.1402006505650537,0.10856719539719929,1.0577513484650427,28,21,3716.4828922952515,5241.540370640564,
BROOKLYN|Noise - Residential,2025-09-30,snaive7,complete,28,894.0,8972.0,-568.0,0.09964333481943825,-0.06330806954971022,0.7517644985670695,0,0,0.0,0.0,
BROOKLYN|Noise - Residential,2025-10-31,ai_forecast_v2,complete,28,1043.620361328125,8421.0,-466.794921875,0.1239306924745428,-0.05543224342417765,0.8889301709539884,28,22,2374.3050537109375,4727.648406982422,01f1bc37-57d1-1f22-bb6e-40536088c5af
BROOKLYN|Noise - Residential,2025-10-31,prophet_tuned,complete,28,1411.0840703384913,8421.0,493.85119977889974,0.1675672806481999,0.058645196506222505,1.2019267258068211,28,19,3596.6086320985505,6924.45223962,
BROOKLYN|Noise - Residential,2025-10-31,snaive7,complete,28,1673.0,8421.0,435.0,0.19866999168744803,0.051656572853580336,1.4250202766391196,0,0,0.0,0.0,
BROOKLYN|Noise - Residential,2025-11-30,ai_forecast_v2,complete,28,722.4288787841797,7487.0,155.92384338378906,0.09649110174758645,0.020825944087590365,0.6132366774519926,28,21,2028.3895111083984,2848.4935760498047,01f1bc37-993d-1776-be9f-9553a269baf2
BROOKLYN|Noise - Residential,2025-11-30,prophet_tuned,complete,28,1537.3632346334364,7487.0,975.8420374211663,0.20533768326879076,0.13033819118754725,1.304997003483718,28,20,3630.775288667827,9306.322010400003,
BROOKLYN|Noise - Residential,2025-11-30,snaive7,complete,28,709.0,7487.0,73.0,0.09469747562441565,0.009750233738480033,0.6018375193488791,0,0,0.0,0.0,
BROOKLYN|Noise - Street/Sidewalk,2024-12-31,ai_forecast_v2,complete,28,414.0901184082031,789.0,130.78028869628906,0.5248290474121713,0.16575448503965662,0.35659675738484004,28,18,1197.2475662231445,1938.5306777954102,01f1bc34-ccd9-1b25-abd3-100eb57abea8
BROOKLYN|Noise - Street/Sidewalk,2024-12-31,prophet_tuned,complete,28,1033.261169575084,789.0,765.0557265911027,1.3095832314006135,0.9696523784424622,0.8898004714976631,28,19,2902.681507178824,5039.297831362937,
BROOKLYN|Noise - Street/Sidewalk,2024-12-31,snaive7,complete,28,753.0,789.0,603.0,0.9543726235741445,0.7642585551330798,0.6484514997435524,0,0,0.0,0.0,
BROOKLYN|Noise - Street/Sidewalk,2025-01-31,ai_forecast_v2,complete,28,330.24161529541016,943.0,-138.4060287475586,0.35020319755610835,-0.14677203472699746,0.28173635196406716,28,23,1131.9329071044922,1228.9290618896484,01f1bc35-1008-155f-bd55-434936d36039
BROOKLYN|Noise - Street/Sidewalk,2025-01-31,prophet_tuned,complete,28,797.5434815838444,943.0,479.82098124347806,0.8457513060274066,0.5088239461754804,0.6804018047003432,28,23,2979.123765089079,3662.877392493385,
BROOKLYN|Noise - Street/Sidewalk,2025-01-31,snaive7,complete,28,449.0,943.0,5.0,0.47613997879109227,0.005302226935312832,0.38305172992419134,0,0,0.0,0.0,
BROOKLYN|Noise - Street/Sidewalk,2025-02-28,ai_forecast_v2,complete,28,791.3290176391602,1736.0,-680.7424545288086,0.4558346875801614,-0.39213275030461325,0.67645161662723,28,20,1627.9299850463867,3448.0364151000977,01f1bc35-51f6-1340-bf53-c032b5537cd3
BROOKLYN|Noise - Street/Sidewalk,2025-02-28,prophet_tuned,complete,28,829.7784598329871,1736.0,-95.93443221034414,0.47798298377476217,-0.05526176970641944,0.7093193451581827,28,26,3209.2853960143293,3559.5482804585527,
BROOKLYN|Noise - Street/Sidewalk,2025-02-28,snaive7,complete,28,732.0,1736.0,-276.0,0.4216589861751152,-0.15898617511520738,0.6257354050384673,0,0,0.0,0.0,
BROOKLYN|Noise - Street/Sidewalk,2025-03-31,ai_forecast_v2,complete,28,1272.0710220336914,2861.0,-699.8823394775391,0.44462461448224094,-0.2446285702473048,1.095162082412258,28,21,3004.275192260742,5280.998558044434,01f1bc35-9592-1ae4-a424-9d15aa5d13c0
BROOKLYN|Noise - Street/Sidewalk,2025-03-31,prophet_tuned,complete,28,1460.0423173532113,2861.0,-1150.9267137396619,0.5103258711475748,-0.4022812700942544,1.2569919108181777,28,18,3269.4834278049066,7425.192974072111,
BROOKLYN|Noise - Street/Sidewalk,2025-03-31,snaive7,complete,28,1471.0,2861.0,-613.0,0.5141558895491087,-0.21426074799021322,1.2664256911166114,0,0,0.0,0.0,
BROOKLYN|Noise - Street/Sidewalk,2025-04-30,ai_forecast_v2,complete,28,2108.7330627441406,4551.0,-1155.829330444336,0.4633559795087103,-0.2539726061182896,1.7894202325048474,28,15,4008.915023803711,9887.252960205078,01f1bc35-d96c-1377-9336-c76216eef2f4
BROOKLYN|Noise - Street/Sidewalk,2025-04-30,prophet_tuned,complete,28,2163.5930894292683,4551.0,-1426.4172055039614,0.475410478890193,-0.3134294013412352,1.8359731336000555,28,17,3743.5256278803113,12184.185530760196,
BROOKLYN|Noise - Street/Sidewalk,2025-04-30,snaive7,complete,28,2679.0,4551.0,-555.0,0.5886618325642716,-0.12195121951219512,2.2733350596031037,0,0,0.0,0.0,
BROOKLYN|Noise - Street/Sidewalk,2025-05-31,ai_forecast_v2,complete,28,850.2542114257812,4941.0,-446.6938018798828,0.17208140283865234,-0.09040554581661259,0.7199958454084803,28,26,4837.5430908203125,4961.953262329102,01f1bc36-1c5e-16f9-830d-486009963155
BROOKLYN|Noise - Street/Sidewalk,2025-05-31,prophet_tuned,complete,28,918.3413469477445,4941.0,217.16800732841128,0.1858614343144595,0.04395223787257868,0.7776520781478305,28,24,3773.0645377543656,5010.47478009407,
BROOKLYN|Noise - Street/Sidewalk,2025-05-31,snaive7,complete,28,2773.0,4941.0,499.0,0.5612224246104027,0.10099170208459826,2.3481782889022416,0,0,0.0,0.0,
BROOKLYN|Noise - Street/Sidewalk,2025-06-30,ai_forecast_v2,complete,28,1004.9167861938477,4771.0,-162.4617691040039,0.21063022137787626,-0.0340519323211075,0.8603766689583612,28,23,3984.4962615966797,5793.374664306641,01f1bc36-6187-1933-8b71-47e905570dc6
BROOKLYN|Noise - Street/Sidewalk,2025-06-30,prophet_tuned,complete,28,1438.269628097347,4771.0,-287.5416959503392,0.3014608317118732,-0.06026864304136223,1.2313991055650182,28,20,3744.7188541701075,7134.890898434562,
BROOKLYN|Noise - Street/Sidewalk,2025-06-30,snaive7,complete,28,893.0,4771.0,17.0,0.18717250052399917,0.0035631942988891218,0.764557201089095,0,0,0.0,0.0,
BROOKLYN|Noise - Street/Sidewalk,2025-07-31,ai_forecast_v2,complete,28,988.8844604492188,5160.0,-622.0382232666016,0.19164427528085634,-0.12055004326872124,0.8455325063017698,28,23,3530.6016998291016,4330.71614074707,01f1bc36-a7ae-176a-86ef-725fa02a7676
BROOKLYN|Noise - Street/Sidewalk,2025-07-31,prophet_tuned,complete,28,1535.2929208981195,5160.0,-147.2972180372604,0.2975373877709534,-0.028545972487841163,1.3127317934843958,28,19,3666.1261942564015,7412.772610238789,
BROOKLYN|Noise - Street/Sidewalk,2025-07-31,snaive7,complete,28,934.0,5160.0,-648.0,0.1810077519379845,-0.12558139534883722,0.7986042783270201,0,0,0.0,0.0,
BROOKLYN|Noise - Street/Sidewalk,2025-08-31,ai_forecast_v2,complete,28,1158.490333557129,5068.0,-161.10381317138672,0.22858925287236168,-0.03178843985228625,0.9908788111302759,28,25,4174.671806335449,6749.703392028809,01f1bc36-ed56-1573-a74d-5a9b9c869fa9
BROOKLYN|Noise - Street/Sidewalk,2025-08-31,prophet_tuned,complete,28,1980.7542819774521,5068.0,878.0259634647076,0.39083549368142306,0.17324900620850583,1.694176801666196,28,12,3670.9798663905995,10133.210154166904,
BROOKLYN|Noise - Street/Sidewalk,2025-08-31,snaive7,complete,28,2198.0,5068.0,1192.0,0.43370165745856354,0.23520126282557222,1.8799911952454325,0,0,0.0,0.0,
BROOKLYN|Noise - Street/Sidewalk,2025-09-30,ai_forecast_v2,complete,28,885.9499893188477,3458.0,519.0172500610352,0.2562030044299733,0.15009174380018367,0.7471132709589533,28,19,3434.1216011047363,4284.493801116943,01f1bc37-2f59-17ad-94c2-694be3e40d19
BROOKLYN|Noise - Street/Sidewalk,2025-09-30,prophet_tuned,complete,28,1737.1673589626662,3458.0,1427.2116057631192,0.5023618736155773,0.4127274741940773,1.4649368512951493,28,15,3690.031467294534,6695.628915470796,
BROOKLYN|Noise - Street/Sidewalk,2025-09-30,snaive7,complete,28,1182.0,3458.0,666.0,0.3418160786581839,0.19259687680740312,0.9967694530392565,0,0,0.0,0.0,
BROOKLYN|Noise - Street/Sidewalk,2025-10-31,ai_forecast_v2,complete,28,384.63644790649414,1969.0,-70.41994094848633,0.19534608832224182,-0.035764317393847805,0.3243743685295301,28,26,2119.7900047302246,2287.4181785583496,01f1bc37-70a2-1365-bbb9-a6da6f0237a5
BROOKLYN|Noise - Street/Sidewalk,2025-10-31,prophet_tuned,complete,28,686.9179097890982,1969.0,459.22824636763306,0.34886638384413315,0.23322917540255614,0.579296539452317,28,27,3451.278479506987,3478.6555761502837,
BROOKLYN|Noise - Street/Sidewalk,2025-10-31,snaive7,complete,28,967.0,1969.0,635.0,0.49111223971559165,0.32249873031995935,0.8154973770044522,0,0,0.0,0.0,
BROOKLYN|Noise - Street/Sidewalk,2025-11-30,ai_forecast_v2,complete,28,259.95004653930664,1049.0,-65.45814895629883,0.2478074800184048,-0.0624005233139169,0.21927528696621673,28,25,1165.747875213623,1376.2031211853027,01f1bc37-b244-17c4-a9c9-c3b45c14fbf1
BROOKLYN|Noise - Street/Sidewalk,2025-11-30,prophet_tuned,complete,28,779.9075128133317,1049.0,368.80768604009023,0.7434771332824897,0.35158025361305073,0.6578742568272355,28,26,2971.7755647869276,3421.0487964664017,
BROOKLYN|Noise - Street/Sidewalk,2025-11-30,snaive7,complete,28,373.0,1049.0,159.0,0.3555767397521449,0.1515729265967588,0.3146361507807291,0,0,0.0,0.0,
BROOKLYN|UNSANITARY CONDITION,2024-12-31,ai_forecast_v2,complete,28,544.492992401123,2742.0,-322.7323799133301,0.19857512487276552,-0.11769962797714445,0.8735885870780643,28,19,1459.031307220459,2765.4198570251465,01f1bc34-d98f-1324-b100-b1a2a6ae5367
BROOKLYN|UNSANITARY CONDITION,2024-12-31,prophet_tuned,complete,28,550.6003490649174,2742.0,-251.02037399328893,0.20080246136576127,-0.09154645295160063,0.8833872753131103,28,20,1821.8865225874372,2814.2606425025497,
BROOKLYN|UNSANITARY CONDITION,2024-12-31,snaive7,complete,28,986.0,2742.0,-798.0,0.3595915390226112,-0.2910284463894967,1.5819456978877269,0,0,0.0,0.0,
BROOKLYN|UNSANITARY CONDITION,2025-01-31,ai_forecast_v2,complete,28,425.7841491699219,2194.0,320.11354064941406,0.1940675246900282,0.14590407504531178,0.6714319837101854,28,24,1307.0809516906738,1535.4677925109863,01f1bc35-1c5a-19b3-a5ec-ded987e1326d
BROOKLYN|UNSANITARY CONDITION,2025-01-31,prophet_tuned,complete,28,283.52019520536953,2194.0,-63.49846390716233,0.12922524849834527,-0.028941870513747643,0.4470916248520788,28,27,1854.4083001201207,1883.7365970989472,
BROOKLYN|UNSANITARY CONDITION,2025-01-31,snaive7,complete,28,484.0,2194.0,386.0,0.22060164083865086,0.17593436645396535,0.7632343307031834,0,0,0.0,0.0,
BROOKLYN|UNSANITARY CONDITION,2025-02-28,ai_forecast_v2,complete,28,377.83646392822266,2339.0,-149.59772491455078,0.16153760749389595,-0.06395798414474167,0.5955317995982903,28,23,1245.1504364013672,1614.5298614501953,01f1bc35-5e6b-1177-916c-b4579c13bbb2
BROOKLYN|UNSANITARY CONDITION,2025-02-28,prophet_tuned,complete,28,382.89015942694095,2339.0,-182.38449434269202,0.16369822976782428,-0.07797541442611887,0.6034972467223806,28,26,1843.2288872685335,1958.7087160877895,
BROOKLYN|UNSANITARY CONDITION,2025-02-28,snaive7,complete,28,481.0,2339.0,-71.0,0.2056434373663959,-0.030354852501068834,0.7581343331150656,0,0,0.0,0.0,
BROOKLYN|UNSANITARY CONDITION,2025-03-31,ai_forecast_v2,complete,28,438.47287368774414,2385.0,-172.28944778442383,0.18384606863217784,-0.07223876217376261,0.684056815026564,28,22,1415.0783081054688,1883.637840270996,01f1bc35-a270-1c30-b56d-7b4be9691aa4
BROOKLYN|UNSANITARY CONDITION,2025-03-31,prophet_tuned,complete,28,485.76961903595617,2385.0,-254.42841243873067,0.20367698911360846,-0.10667857963888079,0.7578439588284424,28,25,1853.431399511985,2029.847134011205,
BROOKLYN|UNSANITARY CONDITION,2025-03-31,snaive7,complete,28,483.0,2385.0,-233.0,0.20251572327044026,-0.09769392033542977,0.7535231059541495,0,0,0.0,0.0,
BROOKLYN|UNSANITARY CONDITION,2025-04-30,ai_forecast_v2,complete,28,368.51495361328125,2331.0,133.92559051513672,0.15809307319317084,0.05745413578512944,0.5680964134549172,28,26,1278.3296279907227,1612.3059158325195,01f1bc35-e5bf-18bd-beb3-09c3b5fdd66a
BROOKLYN|UNSANITARY CONDITION,2025-04-30,prophet_tuned,complete,28,371.94347880945134,2331.0,-8.575191570085956,0.1595639119731666,-0.003678760862327737,0.5733817698516837,28,27,1855.7982393487382,2200.344276812065,
BROOKLYN|UNSANITARY CONDITION,2025-04-30,snaive7,complete,28,541.0,2331.0,317.0,0.2320892320892321,0.135993135993136,0.833996440756736,0,0,0.0,0.0,
BROOKLYN|UNSANITARY CONDITION,2025-05-31,ai_forecast_v2,complete,28,496.8102836608887,2642.0,-175.35642623901367,0.18804325649541584,-0.06637260644928603,0.7677017483937333,28,20,1268.09183883667,2145.3376274108887,01f1bc36-2926-157f-9516-42c2c11bfd0c
BROOKLYN|UNSANITARY CONDITION,2025-05-31,prophet_tuned,complete,28,468.54210799095284,2642.0,-146.0467697077202,0.17734371990573536,-0.0552788681709766,0.7240200280279692,28,24,1844.1810438704952,2331.5760387200016,
BROOKLYN|UNSANITARY CONDITION,2025-05-31,snaive7,complete,28,786.0,2642.0,-502.0,0.2975018925056775,-0.19000757002271007,1.2145754507959232,0,0,0.0,0.0,
BROOKLYN|UNSANITARY CONDITION,2025-06-30,ai_forecast_v2,complete,28,441.8206100463867,3116.0,-265.9702377319336,0.1417909531599444,-0.08535630222462567,0.6792169078098772,28,25,1387.8669090270996,2093.7276573181152,01f1bc36-6e68-181d-8e3d-a1d1f3102ddd
BROOKLYN|UNSANITARY CONDITION,2025-06-30,prophet_tuned,complete,28,355.0710665684428,3116.0,-117.92498361453292,0.11395091995136161,-0.037844988323020835,0.54585564005729,28,26,1873.3896791168809,2302.138666175441,
BROOKLYN|UNSANITARY CONDITION,2025-06-30,snaive7,complete,28,534.0,3116.0,-128.0,0.17137355584082156,-0.0410783055198973,0.8209255533199196,0,0,0.0,0.0,
BROOKLYN|UNSANITARY CONDITION,2025-07-31,ai_forecast_v2,complete,28,387.8319320678711,3133.0,83.89058685302734,0.12378931760864063,0.02677644010629663,0.6015744197406487,28,24,1411.9178848266602,1792.0320205688477,01f1bc36-b54a-1916-8f98-e4fbe9a78013
BROOKLYN|UNSANITARY CONDITION,2025-07-31,prophet_tuned,complete,28,385.3255750601978,3133.0,143.9195635931173,0.1229893313310558,0.04593666249381337,0.597686755683399,28,26,1860.6471910181274,2046.0793685314495,
BROOKLYN|UNSANITARY CONDITION,2025-07-31,snaive7,complete,28,587.0,3133.0,371.0,0.1873603574848388,0.11841685285668688,0.9105082773998188,0,0,0.0,0.0,
BROOKLYN|UNSANITARY CONDITION,2025-08-31,ai_forecast_v2,complete,28,546.1833114624023,3139.0,-132.23192596435547,0.17399914350506607,-0.042125494095047934,0.8806275087004946,28,17,1337.3655433654785,2817.7639503479004,01f1bc36-fa66-1220-9c10-0d640a1fb4e4
BROOKLYN|UNSANITARY CONDITION,2025-08-31,prophet_tuned,complete,28,581.745525469124,3139.0,-56.302497983520425,0.18532829737786682,-0.01793644408522473,0.9379655182430452,28,19,1635.1301696449984,2704.9177636426966,
BROOKLYN|UNSANITARY CONDITION,2025-08-31,snaive7,complete,28,749.0,3139.0,-143.0,0.23861102261866837,-0.04555590952532654,1.2076348547717841,0,0,0.0,0.0,
BROOKLYN|UNSANITARY CONDITION,2025-09-30,ai_forecast_v2,complete,28,441.9333915710449,3046.0,-12.051151275634766,0.1450864712971257,-0.003956385842296377,0.7070559941375116,28,22,1306.0648803710938,1532.4834899902344,01f1bc37-3c04-14f3-89f4-ac13e9dfe9e7
BROOKLYN|UNSANITARY CONDITION,2025-09-30,prophet_tuned,complete,28,464.6296633415501,3046.0,2.0813362554807355,0.15253764390727187,0.0006833014627316926,0.7433681065643678,28,24,1638.8438267775218,1802.8044735107915,
BROOKLYN|UNSANITARY CONDITION,2025-09-30,snaive7,complete,28,716.0,3046.0,50.0,0.2350623768877216,0.016414970453053186,1.1455393537989165,0,0,0.0,0.0,
BROOKLYN|UNSANITARY CONDITION,2025-10-31,ai_forecast_v2,complete,28,374.2982482910156,2859.0,-107.54109191894531,0.130919289363769,-0.037614932465528265,0.590961785584589,28,23,1525.998420715332,1800.9445571899414,01f1bc37-7d1c-1911-a44f-fa1acda33e74
BROOKLYN|UNSANITARY CONDITION,2025-10-31,prophet_tuned,complete,28,469.1924283855745,2859.0,-260.59196692777823,0.1641106779942548,-0.09114794226225191,0.7407857144068928,28,22,1643.1336583701807,2206.9303066635516,
BROOKLYN|UNSANITARY CONDITION,2025-10-31,snaive7,complete,28,691.0,2859.0,-287.0,0.2416928996152501,-0.10038474991255684,1.0909871892359397,0,0,0.0,0.0,
BROOKLYN|UNSANITARY CONDITION,2025-11-30,ai_forecast_v2,complete,28,472.39892196655273,2690.0,-202.43264389038086,0.17561298214369991,-0.07525377096296686,0.7457876892867435,28,22,1502.8503684997559,2421.078136444092,01f1bc37-bec3-19b6-9e1c-90211264d4de
BROOKLYN|UNSANITARY CONDITION,2025-11-30,prophet_tuned,complete,28,460.5785772816527,2690.0,-103.20613981775682,0.17121880196343967,-0.03836659472779064,0.7271266231005075,28,24,1638.00123553917,2479.791917358605,
BROOKLYN|UNSANITARY CONDITION,2025-11-30,snaive7,complete,28,640.0,2690.0,-294.0,0.2379182156133829,-0.10929368029739776,1.010383595196499,0,0,0.0,0.0,
MANHATTAN|HEAT/HOT WATER,2024-12-31,ai_forecast_v2,complete,28,7002.464752197266,14685.0,-6989.891693115234,0.476844722655585,-0.4759885388570129,2.8329440089564133,28,19,10032.97720336914,34875.9075012207,01f1bc34-c34b-1603-a21d-09bd3f2da213
MANHATTAN|HEAT/HOT WATER,2024-12-31,prophet_tuned,complete,28,5046.76418253447,14685.0,-2980.2078376517693,0.3436679729339101,-0.20294231104199995,2.041738282372731,28,18,7629.160838060853,31626.590115305047,
MANHATTAN|HEAT/HOT WATER,2024-12-31,snaive7,complete,28,7205.0,14685.0,-6513.0,0.49063670411985016,-0.4435137895812053,2.914882445945363,0,0,0.0,0.0,
MANHATTAN|HEAT/HOT WATER,2025-01-31,ai_forecast_v2,complete,28,2877.168182373047,9796.0,-2300.6227111816406,0.2937084710466565,-0.23485327798914257,1.1282410621196226,28,25,8853.14404296875,10116.766784667969,01f1bc35-06b6-1005-868f-7d14b0ef2fe4
MANHATTAN|HEAT/HOT WATER,2025-01-31,prophet_tuned,complete,28,2416.444401442252,9796.0,794.4988484871496,0.24667664367519926,0.08110441491293892,0.9475747072204806,28,22,7742.835983886021,9258.847120186883,
MANHATTAN|HEAT/HOT WATER,2025-01-31,snaive7,complete,28,2960.0,9796.0,-312.0,0.30216414863209473,-0.031849734585545124,1.160722395143281,0,0,0.0,0.0,
MANHATTAN|HEAT/HOT WATER,2025-02-28,ai_forecast_v2,complete,28,1562.3563537597656,5402.0,734.1200866699219,0.2892181328692643,0.13589783166788633,0.6084133814897279,28,22,5912.774017333984,7521.292236328125,01f1bc35-48ad-19f6-a6dd-d7f9bbdf0bad
MANHATTAN|HEAT/HOT WATER,2025-02-28,prophet_tuned,complete,28,4125.8927393282875,5402.0,4046.8867175003456,0.7637713327153438,0.7491460047205378,1.6067066563641512,28,12,7772.383316332707,14105.45649997803,
MANHATTAN|HEAT/HOT WATER,2025-02-28,snaive7,complete,28,1672.0,5402.0,1034.0,0.30951499444650127,0.19141058867086264,0.6511108502249189,0,0,0.0,0.0,
MANHATTAN|HEAT/HOT WATER,2025-03-31,ai_forecast_v2,complete,28,1661.3503799438477,4223.0,-740.0461349487305,0.3934052521770892,-0.17524180320831884,0.6513634524886655,28,20,4058.611503601074,6804.690528869629,01f1bc35-8c2b-16c9-a7d7-b52b14188ba5
MANHATTAN|HEAT/HOT WATER,2025-03-31,prophet_tuned,complete,28,2244.941756398365,4223.0,1838.0355380807202,0.5315988056827765,0.43524402985572347,0.8801713538194341,28,21,7804.064089069065,8202.167826459878,
MANHATTAN|HEAT/HOT WATER,2025-03-31,snaive7,complete,28,1945.0,4223.0,-87.0,0.4605730523324651,-0.020601468150603836,0.7625735849491752,0,0,0.0,0.0,
MANHATTAN|HEAT/HOT WATER,2025-04-30,ai_forecast_v2,complete,28,1077.2791748046875,2097.0,-397.60565185546875,0.5137239746326597,-0.18960689168119635,0.42127924391540916,28,23,2728.1289443969727,6015.528160095215,01f1bc35-cff7-1082-b6af-4a2d0f44cb8d
MANHATTAN|HEAT/HOT WATER,2025-04-30,prophet_tuned,complete,28,1747.3004699089536,2097.0,619.3547620463818,0.8332381830753236,0.29535277160056356,0.6832968074313137,28,26,6619.0025230397005,7300.236244446589,
MANHATTAN|HEAT/HOT WATER,2025-04-30,snaive7,complete,28,1029.0,2097.0,107.0,0.4907010014306152,0.05102527420123987,0.40239925928907855,0,0,0.0,0.0,
MANHATTAN|HEAT/HOT WATER,2025-05-31,ai_forecast_v2,complete,28,261.1511688232422,1167.0,-231.86497497558594,0.22377992187081594,-0.1986846400819074,0.10123090395517402,28,27,1275.079933166504,1348.0280075073242,01f1bc36-1278-1b98-8f1e-6d59ea7172c4
MANHATTAN|HEAT/HOT WATER,2025-05-31,prophet_tuned,complete,28,304.42514685425704,1167.0,113.65639897161732,0.26086130835840365,0.09739194427730705,0.11800534128032718,28,28,5168.137814573214,5168.137814573214,
MANHATTAN|HEAT/HOT WATER,2025-05-31,snaive7,complete,28,765.0,1167.0,761.0,0.6555269922879178,0.6520994001713796,0.29653951722545724,0,0,0.0,0.0,
MANHATTAN|HEAT/HOT WATER,2025-06-30,ai_forecast_v2,complete,28,146.98582458496094,793.0,47.78575134277344,0.18535412936312853,0.060259459448642416,0.056927768757204046,28,28,907.0478134155273,907.0478134155273,01f1bc36-576f-1474-90ca-efc039f21927
MANHATTAN|HEAT/HOT WATER,2025-06-30,prophet_tuned,complete,28,373.3556959075362,793.0,235.63630574787624,0.4708142445240053,0.29714540447399274,0.14460106463207797,28,28,4925.925305207625,4925.925305207625,
MANHATTAN|HEAT/HOT WATER,2025-06-30,snaive7,complete,28,257.0,793.0,159.0,0.3240857503152585,0.2005044136191677,0.09953637782359574,0,0,0.0,0.0,
MANHATTAN|HEAT/HOT WATER,2025-07-31,ai_forecast_v2,complete,28,153.25039672851562,746.0,31.62750244140625,0.20542948623125418,0.04239611587319873,0.05934872039819558,28,25,725.6740951538086,806.3155746459961,01f1bc36-9dd8-1a42-a3d0-2a7b5b208c10
MANHATTAN|HEAT/HOT WATER,2025-07-31,prophet_tuned,complete,28,358.83830337597436,746.0,-350.5136264361226,0.4810164924610916,-0.46985740809131715,0.1389659967598693,28,28,4275.706972874887,4275.706972874887,
MANHATTAN|HEAT/HOT WATER,2025-07-31,snaive7,complete,28,176.0,746.0,-18.0,0.2359249329758713,-0.024128686327077747,0.06815887601639617,0,0,0.0,0.0,
MANHATTAN|HEAT/HOT WATER,2025-08-31,ai_forecast_v2,complete,28,278.8166961669922,1114.0,-223.2162322998047,0.25028428740304504,-0.20037363761203295,0.10800969228079488,28,25,1004.1363754272461,1252.355827331543,01f1bc36-e386-1632-912d-93ceb854c98e
MANHATTAN|HEAT/HOT WATER,2025-08-31,prophet_tuned,complete,28,800.5372914602939,1114.0,-800.5372914602939,0.7186151628907486,-0.7186151628907486,0.31011696106656483,28,28,4189.619562647626,4189.619562647626,
MANHATTAN|HEAT/HOT WATER,2025-08-31,snaive7,complete,28,314.0,1114.0,-266.0,0.28186714542190305,-0.23877917414721722,0.12163921258093092,0,0,0.0,0.0,
MANHATTAN|HEAT/HOT WATER,2025-09-30,ai_forecast_v2,complete,28,4786.894180297852,6793.0,-4747.638076782227,0.7046804328423159,-0.6989015275698847,1.8892582424874498,28,17,5778.879280090332,19087.735176086426,01f1bc37-25fc-13ed-b9f4-b5d870c81f04
MANHATTAN|HEAT/HOT WATER,2025-09-30,prophet_tuned,complete,28,5238.55132813033,6793.0,-5043.681057420598,0.771169045801609,-0.7424821223937286,2.0675151575521125,28,15,5633.449256079789,30900.88794994333,
MANHATTAN|HEAT/HOT WATER,2025-09-30,snaive7,complete,28,5653.0,6793.0,-5633.0,0.8321801854850581,-0.8292359782128662,2.231086889018512,0,0,0.0,0.0,
MANHATTAN|HEAT/HOT WATER,2025-10-31,ai_forecast_v2,complete,28,3268.3923950195312,10585.0,-1633.686279296875,0.30877585215111303,-0.15433975241349787,1.3031963121348056,28,26,14215.64525604248,16355.990715026855,01f1bc37-6739-1daa-9f43-7cad5323f2eb
MANHATTAN|HEAT/HOT WATER,2025-10-31,prophet_tuned,complete,28,3870.970611752211,10585.0,2117.2744366814527,0.36570341159680786,0.20002592694203616,1.5434605200112599,28,17,7764.901132683494,19380.54110729416,
MANHATTAN|HEAT/HOT WATER,2025-10-31,snaive7,complete,28,3379.0,10585.0,1031.0,0.3192253188474256,0.09740198393953708,1.3472985512430167,0,0,0.0,0.0,
MANHATTAN|HEAT/HOT WATER,2025-11-30,ai_forecast_v2,complete,28,4083.8280334472656,14123.0,-2479.085235595703,0.2891615119625622,-0.17553531371491207,1.6441918632688362,28,24,14249.249465942383,19571.135452270508,01f1bc37-a8f1-14dd-b9f8-fe2cea749e26
MANHATTAN|HEAT/HOT WATER,2025-11-30,prophet_tuned,complete,28,3724.1803086084155,14123.0,-2283.674417922481,0.26369612041410573,-0.16169896041368556,1.4993939290805962,28,18,7623.133307072282,21144.7455834302,
MANHATTAN|HEAT/HOT WATER,2025-11-30,snaive7,complete,28,5493.0,14123.0,-4347.0,0.3889400269064646,-0.30779579409473906,2.2115392300963155,0,0,0.0,0.0,
MANHATTAN|Illegal Parking,2024-12-31,ai_forecast_v2,complete,28,633.9773101806641,4414.0,-83.28474426269531,0.1436287517400689,-0.018868315419731607,0.6652052739415449,28,23,2131.6961822509766,3034.2405853271484,01f1bc34-a547-1abc-a14b-1ee9294f3da1
MANHATTAN|Illegal Parking,2024-12-31,prophet_tuned,complete,28,936.0264899120583,4414.0,592.0662307563705,0.21205856137563622,0.1341337178877142,0.9821325584366062,28,21,2297.6847724446257,4274.446716897668,
MANHATTAN|Illegal Parking,2024-12-31,snaive7,complete,28,1174.0,4414.0,-834.0,0.2659719075668328,-0.18894426823742638,1.2318279835359198,0,0,0.0,0.0,
MANHATTAN|Illegal Parking,2025-01-31,ai_forecast_v2,complete,28,659.1608428955078,4338.0,252.64039611816406,0.15195040177397598,0.05823891104614202,0.6957436583426263,28,22,2143.876823425293,2980.38126373291,01f1bc34-ea10-1b6f-88fa-416ecc1fe897
MANHATTAN|Illegal Parking,2025-01-31,prophet_tuned,complete,28,1090.315940317048,4338.0,1066.268234606416,0.251340696246438,0.24579719562158045,1.1508274637996299,28,17,2340.4437629587865,5168.161860720065,
MANHATTAN|Illegal Parking,2025-01-31,snaive7,complete,28,714.0,4338.0,182.0,0.16459197786998617,0.041954817888427844,0.7536263378062693,0,0,0.0,0.0,
MANHATTAN|Illegal Parking,2025-02-28,ai_forecast_v2,complete,28,679.5115814208984,5030.0,-45.08488464355469,0.13509176569003944,-0.008963197742257394,0.7175746981290062,28,25,2237.6936264038086,3122.133628845215,01f1bc35-2c4d-1583-beb3-0b49c0f46032
MANHATTAN|Illegal Parking,2025-02-28,prophet_tuned,complete,28,954.5149923762092,5030.0,652.8043063445725,0.1897644120032225,0.12978216825935834,1.0079825366356936,28,17,2267.41121063188,4108.94194204218,
MANHATTAN|Illegal Parking,2025-02-28,snaive7,complete,28,742.0,5030.0,-102.0,0.14751491053677931,-0.020278330019880716,0.7835634308076965,0,0,0.0,0.0,
MANHATTAN|Illegal Parking,2025-03-31,ai_forecast_v2,complete,28,722.4714660644531,4672.0,654.9847717285156,0.1546385843459874,0.14019365833230216,0.7583246074304671,28,23,2475.2491455078125,2908.374298095703,01f1bc35-6e0d-1278-b09f-144fd8ad8977
MANHATTAN|Illegal Parking,2025-03-31,prophet_tuned,complete,28,1607.4423214568826,4672.0,1607.4423214568826,0.3440587160652574,0.3440587160652574,1.6872127476895582,28,6,2468.3135339802707,7083.952017675647,
MANHATTAN|Illegal Parking,2025-03-31,snaive7,complete,28,818.0,4672.0,384.0,0.17508561643835616,0.0821917808219178,0.8585938102955932,0,0,0.0,0.0,
MANHATTAN|Illegal Parking,2025-04-30,ai_forecast_v2,complete,28,881.5463409423828,5324.0,-242.5229034423828,0.16557970340766018,-0.0455527617284716,0.9323708349489571,28,19,2159.0190505981445,3528.11954498291,01f1bc35-b268-164c-a2fe-73dcad0e1a96
MANHATTAN|Illegal Parking,2025-04-30,prophet_tuned,complete,28,1503.695123580088,5324.0,1450.961445032858,0.2824371005973118,0.2725322022976818,1.590388857359769,28,12,2444.548027397526,7953.893192330144,
MANHATTAN|Illegal Parking,2025-04-30,snaive7,complete,28,942.0,5324.0,-68.0,0.17693463561232156,-0.012772351615326822,0.9963098770088619,0,0,0.0,0.0,
MANHATTAN|Illegal Parking,2025-05-31,ai_forecast_v2,complete,28,631.7059478759766,5351.0,164.7198944091797,0.11805381197457981,0.030783011476206257,0.664328892806941,28,23,2278.031997680664,2986.537399291992,01f1bc35-f548-1d57-8a79-ebf0d25feeba
MANHATTAN|Illegal Parking,2025-05-31,prophet_tuned,complete,28,983.7397497278105,5351.0,838.4164987617297,0.18384222570132883,0.15668407751106891,1.0345426395686892,28,19,2467.0427932483703,4116.352335370798,
MANHATTAN|Illegal Parking,2025-05-31,snaive7,complete,28,1035.0,5351.0,-99.0,0.19342179031956644,-0.0185012147262194,1.088450103037778,0,0,0.0,0.0,
MANHATTAN|Illegal Parking,2025-06-30,ai_forecast_v2,complete,28,616.7889251708984,4389.0,55.47138977050781,0.1405306277445656,0.012638730865916567,0.6415057649376124,28,24,2023.7587356567383,2790.768165588379,01f1bc36-3978-1712-8962-131a14aff3d3
MANHATTAN|Illegal Parking,2025-06-30,prophet_tuned,complete,28,922.7872613630205,4389.0,886.6288475101503,0.2102500025889771,0.20201158521534526,0.9597665000410738,28,21,2532.11790934163,4156.141003247248,
MANHATTAN|Illegal Parking,2025-06-30,snaive7,complete,28,913.0,4389.0,795.0,0.20802005012531327,0.18113465481886534,0.9495870296726827,0,0,0.0,0.0,
MANHATTAN|Illegal Parking,2025-07-31,ai_forecast_v2,complete,28,554.6544189453125,4587.0,135.8604736328125,0.12091877456841345,0.02961859028402278,0.5727725628070471,28,24,1744.7878646850586,2316.542625427246,01f1bc36-7fe0-1b37-a27f-568e3b56bce1
MANHATTAN|Illegal Parking,2025-07-31,prophet_tuned,complete,28,655.9994440669343,4587.0,478.7460217531106,0.14301274123979382,0.10437018132834328,0.6774280884531508,28,25,2418.834603558558,2798.7116163480755,
MANHATTAN|Illegal Parking,2025-07-31,snaive7,complete,28,681.0,4587.0,-159.0,0.1484630477436233,-0.03466317854807063,0.7032453036492582,0,0,0.0,0.0,
MANHATTAN|Illegal Parking,2025-08-31,ai_forecast_v2,complete,28,848.7646942138672,5684.0,-710.1871795654297,0.14932524528745025,-0.1249449647370566,0.8755361431194725,28,14,2057.185272216797,3369.2935791015625,01f1bc36-c57b-1288-a654-cca540620576
MANHATTAN|Illegal Parking,2025-08-31,prophet_tuned,complete,28,547.1749106972272,5684.0,55.48605000083998,0.09626581820851993,0.009761796270380011,0.5644337166584338,28,25,2491.259229205132,2877.9399493755477,
MANHATTAN|Illegal Parking,2025-08-31,snaive7,complete,28,1190.0,5684.0,-1120.0,0.20935960591133004,-0.19704433497536947,1.2275345775040483,0,0,0.0,0.0,
MANHATTAN|Illegal Parking,2025-09-30,ai_forecast_v2,complete,28,714.7343444824219,5652.0,-27.892333984375,0.12645689038967126,-0.004934949395678521,0.7424223302090414,28,23,2188.6045684814453,3278.0990447998047,01f1bc37-097a-1b9b-b4dc-6ab54dc3c23e
MANHATTAN|Illegal Parking,2025-09-30,prophet_tuned,complete,28,634.2077889166958,5652.0,-98.46932192548323,0.11220944602206225,-0.017422031480092574,0.6587762685802168,28,23,2397.964594623607,3153.655231414553,
MANHATTAN|Illegal Parking,2025-09-30,snaive7,complete,28,848.0,5652.0,-116.0,0.15003538570417552,-0.020523708421797595,0.8808505438103384,0,0,0.0,0.0,
MANHATTAN|Illegal Parking,2025-10-31,ai_forecast_v2,complete,28,721.1490631103516,5640.0,-174.3627166748047,0.12786330906211907,-0.030915375296951184,0.7484253136020315,28,23,2369.978187561035,3275.327766418457,01f1bc37-4b6e-1d1c-8748-f255bfdc708a
MANHATTAN|Illegal Parking,2025-10-31,prophet_tuned,complete,28,890.6251390782779,5640.0,-523.3929496661622,0.15791225870182232,-0.09280016838052521,0.924311537120466,28,20,2515.2042660362176,3825.6942911431715,
MANHATTAN|Illegal Parking,2025-10-31,snaive7,complete,28,876.0,5640.0,12.0,0.15531914893617021,0.002127659574468085,0.9091332267529484,0,0,0.0,0.0,
MANHATTAN|Illegal Parking,2025-11-30,ai_forecast_v2,complete,28,736.2304534912109,4557.0,472.0044708251953,0.16156033651332258,0.10357789572639792,0.7691512584580054,28,21,2370.5602798461914,3809.126335144043,01f1bc37-8cc4-12da-b2ab-0dfc937588a4
MANHATTAN|Illegal Parking,2025-11-30,prophet_tuned,complete,28,858.9116165483032,4557.0,98.4594537890363,0.18848181183855678,0.021606200085371143,0.8973181530858989,28,22,2407.2818949301372,3417.7260005241296,
MANHATTAN|Illegal Parking,2025-11-30,snaive7,complete,28,1513.0,4557.0,-77.0,0.33201667763879744,-0.016897081413210446,1.580654329807419,0,0,0.0,0.0,
MANHATTAN|Noise - Residential,2024-12-31,ai_forecast_v2,complete,28,572.3708190917969,5134.0,118.78634643554688,0.11148633016980851,0.023137192527375706,0.6587883496655752,28,21,2222.4568252563477,3531.143196105957,01f1bc34-b52a-17ea-a262-b9489a8f228c
MANHATTAN|Noise - Residential,2024-12-31,prophet_tuned,complete,28,589.9557602585347,5134.0,52.38079180773818,0.11491152322916531,0.010202725322894074,0.6790282954905275,28,26,2226.854396126263,3533.9889062474713,
MANHATTAN|Noise - Residential,2024-12-31,snaive7,complete,28,1058.0,5134.0,390.0,0.20607713283989093,0.07596416049863654,1.2177386594448205,0,0,0.0,0.0,
MANHATTAN|Noise - Residential,2025-01-31,ai_forecast_v2,complete,28,622.6626892089844,4989.0,448.2239074707031,0.12480711349147813,0.0898424348508124,0.712977547264071,28,18,1888.9674072265625,2999.46728515625,01f1bc34-f9c0-1172-9fcb-12912b1bf688
MANHATTAN|Noise - Residential,2025-01-31,prophet_tuned,complete,28,562.9768078334994,4989.0,374.02128811134503,0.11284361752525544,0.07496918983991682,0.64463445549564,28,25,2264.200397484038,2550.7871555467195,
MANHATTAN|Noise - Residential,2025-01-31,snaive7,complete,28,777.0,4989.0,687.0,0.15574263379434755,0.13770294648226097,0.8897008987770738,0,0,0.0,0.0,
MANHATTAN|Noise - Residential,2025-02-28,ai_forecast_v2,complete,28,481.7250061035156,5094.0,52.758819580078125,0.09456713900736467,0.010357051350623895,0.5558727023823223,28,23,1542.4880294799805,2022.600486755371,01f1bc35-3c09-1f42-ad56-4d08c60bbca0
MANHATTAN|Noise - Residential,2025-02-28,prophet_tuned,complete,28,476.92443559451715,5094.0,-20.233988298616396,0.09362474196986988,-0.003972121770439025,0.5503332222473832,28,27,2254.5211144090968,2255.1944271587936,
MANHATTAN|Noise - Residential,2025-02-28,snaive7,complete,28,590.0,5094.0,-250.0,0.11582253631723596,-0.04907734589713388,0.6808135144537117,0,0,0.0,0.0,
MANHATTAN|Noise - Residential,2025-03-31,ai_forecast_v2,complete,28,500.97654724121094,5210.0,35.43794250488281,0.09615672691769883,0.006801908350265415,0.58180212391972,28,22,1784.444808959961,2496.1348724365234,01f1bc35-7e55-1e77-9561-f594750a2b4e
MANHATTAN|Noise - Residential,2025-03-31,prophet_tuned,complete,28,468.45936552476155,5210.0,22.80771268751832,0.08991542524467593,0.004377679978410425,0.544038748586693,28,26,2237.9316442550653,2326.9533293153722,
MANHATTAN|Noise - Residential,2025-03-31,snaive7,complete,28,648.0,5210.0,210.0,0.12437619961612284,0.04030710172744722,0.7525457596290556,0,0,0.0,0.0,
MANHATTAN|Noise - Residential,2025-04-30,ai_forecast_v2,complete,28,785.6575469970703,5156.0,-72.51139831542969,0.15237733650059548,-0.014063498509586828,0.9276331674402184,28,18,1866.219841003418,3531.275001525879,01f1bc35-c327-15ac-abf2-bcad51f95ae8
MANHATTAN|Noise - Residential,2025-04-30,prophet_tuned,complete,28,1058.4874645572086,5156.0,530.9044307340823,0.2052923709381708,0.10296827593756445,1.2497659867151136,28,14,2206.2279850597984,4412.483344213955,
MANHATTAN|Noise - Residential,2025-04-30,snaive7,complete,28,956.0,5156.0,240.0,0.18541505042668735,0.04654771140418929,1.128758084820072,0,0,0.0,0.0,
MANHATTAN|Noise - Residential,2025-05-31,ai_forecast_v2,complete,28,817.3959732055664,5247.0,-534.9443435668945,0.15578349022404545,-0.1019524192046683,0.9725838901828707,28,18,1970.3693542480469,3632.7059326171875,01f1bc36-05f0-1f09-b8a2-ced3289df5e2
MANHATTAN|Noise - Residential,2025-05-31,prophet_tuned,complete,28,1015.3266378266742,5247.0,-905.4864634188468,0.1935061249907898,-0.17257222477965445,1.2080929727988983,28,17,2191.624919021855,4899.861997183053,
MANHATTAN|Noise - Residential,2025-05-31,snaive7,complete,28,1065.0,5247.0,485.0,0.2029731275014294,0.0924337716790547,1.2671971443444634,0,0,0.0,0.0,
MANHATTAN|Noise - Residential,2025-06-30,ai_forecast_v2,complete,28,765.9728240966797,4003.0,-681.3100433349609,0.19134969375385452,-0.1701998609380367,0.9142251950673866,28,20,1984.030860900879,3372.278465270996,01f1bc36-4a06-1f93-80fd-1dafd268326e
MANHATTAN|Noise - Residential,2025-06-30,prophet_tuned,complete,28,544.2642592657561,4003.0,-292.8837193729391,0.1359640917476283,-0.07316605530175845,0.6496054206390994,28,26,2208.8287219758745,2317.135182879353,
MANHATTAN|Noise - Residential,2025-06-30,snaive7,complete,28,527.0,4003.0,-239.0,0.13165126155383464,-0.05970522108418686,0.6289997016130449,0,0,0.0,0.0,
MANHATTAN|Noise - Residential,2025-07-31,ai_forecast_v2,complete,28,727.9064102172852,4308.0,-575.246940612793,0.16896620478581365,-0.13352993050436235,0.8783418225092565,28,22,1833.5333099365234,2374.8692169189453,01f1bc36-902f-1dae-ac3b-5e0de4656cdf
MANHATTAN|Noise - Residential,2025-07-31,prophet_tuned,complete,28,578.6238499755734,4308.0,-330.77138293336407,0.13431379990147943,-0.0767807295574197,0.6982072417567496,28,23,2197.047552580726,2495.5472396523624,
MANHATTAN|Noise - Residential,2025-07-31,snaive7,complete,28,714.0,4308.0,-636.0,0.16573816155988857,-0.14763231197771587,0.8615613937022545,0,0,0.0,0.0,
MANHATTAN|Noise - Residential,2025-08-31,ai_forecast_v2,complete,28,616.2580108642578,4862.0,192.11683654785156,0.1267498993961863,0.039513952395691394,0.743319123545279,28,21,1838.1084060668945,2635.411033630371,01f1bc36-d62e-1807-8719-950248a2e75a
MANHATTAN|Noise - Residential,2025-08-31,prophet_tuned,complete,28,635.9295168604765,4862.0,234.01984699596204,0.13079586936661383,0.04813242431015262,0.7670465337178759,28,21,2184.3405206033785,2849.572910572555,
MANHATTAN|Noise - Residential,2025-08-31,snaive7,complete,28,628.0,4862.0,-118.0,0.12916495269436445,-0.024269847799259565,0.7574820957406709,0,0,0.0,0.0,
MANHATTAN|Noise - Residential,2025-09-30,ai_forecast_v2,complete,28,614.6546325683594,5425.0,-510.7784118652344,0.11330039310015841,-0.09415270264796947,0.7393883618820318,28,24,1915.849380493164,2895.6705474853516,01f1bc37-19cd-129d-9ba9-dd70d2e8ef70
MANHATTAN|Noise - Residential,2025-09-30,prophet_tuned,complete,28,521.7404914982303,5425.0,101.91503241281475,0.09617336248815306,0.01878618108991977,0.6276188722835324,28,26,2206.036957139236,2650.3482641614632,
MANHATTAN|Noise - Residential,2025-09-30,snaive7,complete,28,1183.0,5425.0,-1153.0,0.21806451612903227,-0.21253456221198155,1.4230697789610551,0,0,0.0,0.0,
MANHATTAN|Noise - Residential,2025-10-31,ai_forecast_v2,complete,28,736.2545928955078,5651.0,80.44013977050781,0.13028748768280088,0.014234673468502533,0.9036244439471985,28,20,2027.863540649414,3823.770980834961,01f1bc37-5ae1-16e2-9890-eb48c3e9920d
MANHATTAN|Noise - Residential,2025-10-31,prophet_tuned,complete,28,888.5690386283316,5651.0,-49.22022656643236,0.15724102612428448,-0.008710002931593056,1.0905639315355393,28,21,2143.9520528610988,4373.970820837343,
MANHATTAN|Noise - Residential,2025-10-31,snaive7,complete,28,1289.0,5651.0,817.0,0.22810122102282782,0.14457618120686605,1.5820232830971934,0,0,0.0,0.0,
MANHATTAN|Noise - Residential,2025-11-30,ai_forecast_v2,complete,28,666.1609649658203,5118.0,254.9815216064453,0.1301604073790192,0.049820539587035036,0.8077990195209405,28,21,2140.7285766601562,2890.5018310546875,01f1bc37-9c68-14b0-9283-75d656e614e6
MANHATTAN|Noise - Residential,2025-11-30,prophet_tuned,complete,28,726.6376944469503,5118.0,437.1425959144807,0.14197688441714543,0.08541277763080904,0.8811342122865455,28,21,2175.3442307414452,3498.2251078432455,
MANHATTAN|Noise - Residential,2025-11-30,snaive7,complete,28,1008.0,5118.0,-242.0,0.1969519343493552,-0.047284095349745994,1.2223193109474473,0,0,0.0,0.0,
MANHATTAN|Noise - Street/Sidewalk,2024-12-31,ai_forecast_v2,complete,28,461.61234283447266,1472.0,260.98778533935547,0.31359534159950586,0.1773014846055404,0.3058092670600387,28,21,1783.3917694091797,2483.5499267578125,01f1bc34-d023-1d44-b552-bc2a1e67e42b
MANHATTAN|Noise - Street/Sidewalk,2024-12-31,prophet_tuned,complete,28,986.272437395931,1472.0,458.3945774695376,0.6700220362744096,0.3114093596939793,0.6533864526879015,28,21,3645.381754945034,4538.410094301423,
MANHATTAN|Noise - Street/Sidewalk,2024-12-31,snaive7,complete,28,1084.0,1472.0,720.0,0.7364130434782609,0.4891304347826087,0.7181290765701037,0,0,0.0,0.0,
MANHATTAN|Noise - Street/Sidewalk,2025-01-31,ai_forecast_v2,complete,28,459.0028839111328,1704.0,33.282867431640625,0.2693678896192094,0.0195321991969722,0.30266665476472043,28,25,1810.9170989990234,2056.3007049560547,01f1bc35-1327-1186-95fe-d02f93f67b9b
MANHATTAN|Noise - Street/Sidewalk,2025-01-31,prophet_tuned,complete,28,972.6175982254814,1704.0,415.55189682773687,0.5707849754844374,0.24386848405383618,0.6413443687146807,28,25,3844.3942062307524,4033.716063963898,
MANHATTAN|Noise - Street/Sidewalk,2025-01-31,snaive7,complete,28,412.0,1704.0,-160.0,0.24178403755868544,-0.09389671361502347,0.2716729374345448,0,0,0.0,0.0,
MANHATTAN|Noise - Street/Sidewalk,2025-02-28,ai_forecast_v2,complete,28,997.030891418457,2676.0,-788.4378280639648,0.37258254537311547,-0.29463297012853695,0.6626036323664073,28,19,1958.040283203125,4563.25390625,01f1bc35-5500-11ef-bfa2-f6e708a9c299
MANHATTAN|Noise - Street/Sidewalk,2025-02-28,prophet_tuned,complete,28,1084.4176043369007,2676.0,-267.03464449766165,0.4052382676894248,-0.09978873112767625,0.7206788172966798,28,23,4008.1501356909343,4897.100129318736,
MANHATTAN|Noise - Street/Sidewalk,2025-02-28,snaive7,complete,28,1034.0,2676.0,-632.0,0.3863976083707025,-0.23617339312406577,0.6871724454717152,0,0,0.0,0.0,
MANHATTAN|Noise - Street/Sidewalk,2025-03-31,ai_forecast_v2,complete,28,1544.4187622070312,4109.0,-817.06884765625,0.3758624390866467,-0.1988485878939523,1.0390017222308274,28,18,3454.7962951660156,6994.453887939453,01f1bc35-98b4-1fab-bf42-71effd08c843
MANHATTAN|Noise - Street/Sidewalk,2025-03-31,prophet_tuned,complete,28,1688.975566877566,4109.0,-1133.6817127675442,0.41104297076601753,-0.275902096073873,1.1362517509718906,28,19,4331.899655128196,8564.05026002849,
MANHATTAN|Noise - Street/Sidewalk,2025-03-31,snaive7,complete,28,2023.0,4109.0,-433.0,0.49233390119250425,-0.10537843757605257,1.3609653906750463,0,0,0.0,0.0,
MANHATTAN|Noise - Street/Sidewalk,2025-04-30,ai_forecast_v2,complete,28,2130.4249114990234,5468.0,-562.7472381591797,0.38961684555578335,-0.10291646637878195,1.428930404649051,28,17,4603.813026428223,9909.48265838623,01f1bc35-dc97-1829-9f1d-ea549dd56475
MANHATTAN|Noise - Street/Sidewalk,2025-04-30,prophet_tuned,complete,28,2060.4020016417007,5468.0,-926.983064157584,0.3768109000807792,-0.16952872424242574,1.3819642504433511,28,19,4432.531275817445,10501.732021938295,
MANHATTAN|Noise - Street/Sidewalk,2025-04-30,snaive7,complete,28,2622.0,5468.0,-340.0,0.4795171909290417,-0.06217995610826628,1.7586423725929705,0,0,0.0,0.0,
MANHATTAN|Noise - Street/Sidewalk,2025-05-31,ai_forecast_v2,complete,28,1277.29248046875,6393.0,-853.8587646484375,0.19979547637552791,-0.13356151488322188,0.8726187454318719,28,27,5132.713531494141,5285.281890869141,01f1bc36-1fb0-16aa-8283-f5bfb415c98a
MANHATTAN|Noise - Street/Sidewalk,2025-05-31,prophet_tuned,complete,28,1039.1747907588638,6393.0,-65.13874711485602,0.16254884885951257,-0.010189073535876118,0.7099418622300527,28,27,4329.851901749528,4834.412328163339,
MANHATTAN|Noise - Street/Sidewalk,2025-05-31,snaive7,complete,28,2705.0,6393.0,-61.0,0.42311903644611293,-0.009541686219302362,1.847997809810142,0,0,0.0,0.0,
MANHATTAN|Noise - Street/Sidewalk,2025-06-30,ai_forecast_v2,complete,28,1350.7057037353516,5571.0,188.1001739501953,0.2424530073120358,0.03376416692697816,0.9327107122319176,28,21,4487.704788208008,6478.906646728516,01f1bc36-64b3-1820-b818-66005691868b
MANHATTAN|Noise - Street/Sidewalk,2025-06-30,prophet_tuned,complete,28,1690.5620296013726,5571.0,437.5427709250059,0.3034575533299897,0.07853935934751498,1.167393689344101,28,17,4232.217756662417,7210.168773404716,
MANHATTAN|Noise - Street/Sidewalk,2025-06-30,snaive7,complete,28,1457.0,5571.0,881.0,0.2615329384311614,0.15814036977203375,1.0061107345321239,0,0,0.0,0.0,
MANHATTAN|Noise - Street/Sidewalk,2025-07-31,ai_forecast_v2,complete,28,968.5802154541016,6038.0,-672.7495269775391,0.16041408006858257,-0.1114192658127756,0.6708780713102003,28,26,3945.9019622802734,5033.896423339844,01f1bc36-aaf0-14af-88e7-b48db40ba29c
MANHATTAN|Noise - Street/Sidewalk,2025-07-31,prophet_tuned,complete,28,1601.658202520996,6038.0,284.8671174828406,0.26526303453477906,0.04717905224955956,1.1093736467677895,28,22,4156.070818417457,7063.309934159697,
MANHATTAN|Noise - Street/Sidewalk,2025-07-31,snaive7,complete,28,1274.0,6038.0,-1054.0,0.210997018880424,-0.17456111295130838,0.8824242424242424,0,0,0.0,0.0,
MANHATTAN|Noise - Street/Sidewalk,2025-08-31,ai_forecast_v2,complete,28,1289.9367065429688,5608.0,189.505859375,0.2300172443906863,0.03379205766315977,0.9007845389046888,28,21,3953.408790588379,5342.416130065918,01f1bc36-f060-1580-a976-5dcc9c982523
MANHATTAN|Noise - Street/Sidewalk,2025-08-31,prophet_tuned,complete,28,1830.6528111343669,5608.0,1174.9502577214362,0.3264359506302366,0.2095132413911263,1.2783757063489012,28,15,4168.453048608725,6733.905424354701,
MANHATTAN|Noise - Street/Sidewalk,2025-08-31,snaive7,complete,28,1350.0,5608.0,540.0,0.2407275320970043,0.09629101283880172,0.9427277488523985,0,0,0.0,0.0,
MANHATTAN|Noise - Street/Sidewalk,2025-09-30,ai_forecast_v2,complete,28,1224.1355285644531,4534.0,817.879150390625,0.26999019156692833,0.18038799082281098,0.8594992792080705,28,21,3807.0068359375,5153.391571044922,01f1bc37-326b-1d97-a2ed-24b7cb15632a
MANHATTAN|Noise - Street/Sidewalk,2025-09-30,prophet_tuned,complete,28,1571.8252295130537,4534.0,1173.6065287507968,0.3466751719261257,0.258845727558623,1.1036217970013749,28,20,4104.3601629109235,5611.0221349497515,
MANHATTAN|Noise - Street/Sidewalk,2025-09-30,snaive7,complete,28,1330.0,4534.0,698.0,0.2933392148213498,0.15394794883105425,0.9338296411405442,0,0,0.0,0.0,
MANHATTAN|Noise - Street/Sidewalk,2025-10-31,ai_forecast_v2,complete,28,538.1480865478516,2875.0,217.5826416015625,0.1871819431470788,0.07568091881793479,0.3798459079269758,28,24,2813.2278594970703,3118.3965454101562,01f1bc37-73cf-1000-9ec5-51da7c339963
MANHATTAN|Noise - Street/Sidewalk,2025-10-31,prophet_tuned,complete,28,892.7362970356676,2875.0,656.2576612352469,0.31051697288197133,0.22826353434269459,0.6301280962683994,28,27,4064.7716207997123,4168.411096063965,
MANHATTAN|Noise - Street/Sidewalk,2025-10-31,snaive7,complete,28,867.0,2875.0,525.0,0.3015652173913044,0.1826086956521739,0.6119624140731841,0,0,0.0,0.0,
MANHATTAN|Noise - Street/Sidewalk,2025-11-30,ai_forecast_v2,complete,28,601.7358703613281,1497.0,365.02967834472656,0.4019611692460442,0.24384080049747933,0.4295113096898733,28,19,1670.7760620117188,2905.419692993164,01f1bc37-b55c-1875-8d18-37a4dbe5a203
MANHATTAN|Noise - Street/Sidewalk,2025-11-30,prophet_tuned,complete,28,1094.2067425533915,1497.0,654.6739064979589,0.7309330277577765,0.4373239188363119,0.7810306717852615,28,22,3623.601246921917,4982.695116156341,
MANHATTAN|Noise - Street/Sidewalk,2025-11-30,snaive7,complete,28,721.0,1497.0,435.0,0.4816299265197061,0.2905811623246493,0.5146405084683493,0,0,0.0,0.0,
MANHATTAN|UNSANITARY CONDITION,2024-12-31,ai_forecast_v2,complete,28,281.52645111083984,1660.0,-140.14634704589844,0.16959424765713244,-0.08442551026861352,0.6408126957341894,28,21,991.9710121154785,1476.4727745056152,01f1bc34-dcfc-1b94-a483-b2fd8f0f2df6
MANHATTAN|UNSANITARY CONDITION,2024-12-31,prophet_tuned,complete,28,340.1205374755148,1660.0,-176.61270760087498,0.20489189004549085,-0.1063931973499247,0.7741850104466224,28,21,1186.238947436481,1651.6468382583205,
MANHATTAN|UNSANITARY CONDITION,2024-12-31,snaive7,complete,28,518.0,1660.0,-460.0,0.31204819277108437,-0.27710843373493976,1.1790756253295063,0,0,0.0,0.0,
MANHATTAN|UNSANITARY CONDITION,2025-01-31,ai_forecast_v2,complete,28,226.84755516052246,1482.0,105.83920860290527,0.15306852574934038,0.07141647004244621,0.5185086975097656,28,23,852.4826354980469,957.5280685424805,01f1bc35-1fa6-182b-b5e0-e2e4c6bab5ad
MANHATTAN|UNSANITARY CONDITION,2025-01-31,prophet_tuned,complete,28,234.03370911476438,1482.0,-36.23388127012674,0.1579174825335792,-0.024449312597926272,0.5349341922623185,28,28,1185.3286067975798,1185.3286067975798,
MANHATTAN|UNSANITARY CONDITION,2025-01-31,snaive7,complete,28,250.0,1482.0,62.0,0.16869095816464239,0.04183535762483131,0.5714285714285714,0,0,0.0,0.0,
MANHATTAN|UNSANITARY CONDITION,2025-02-28,ai_forecast_v2,complete,28,294.80760383605957,1588.0,-112.6289119720459,0.18564710569021384,-0.07092500753907173,0.6795219585733624,28,22,776.2582588195801,1428.1922721862793,01f1bc35-6182-1127-99fb-f7f7074c8f54
MANHATTAN|UNSANITARY CONDITION,2025-02-28,prophet_tuned,complete,28,262.7164699063669,1588.0,-89.23125744525439,0.1654385830644628,-0.05619096816451787,0.6055529364145197,28,25,1182.3715931232935,1414.5155341163997,
MANHATTAN|UNSANITARY CONDITION,2025-02-28,snaive7,complete,28,374.0,1588.0,-100.0,0.23551637279596976,-0.06297229219143577,0.8620578614646713,0,0,0.0,0.0,
MANHATTAN|UNSANITARY CONDITION,2025-03-31,ai_forecast_v2,complete,28,335.05417823791504,1681.0,-314.27046394348145,0.1993183689696104,-0.18695446992473613,0.7665595895356377,28,20,961.9366283416748,1616.557867050171,01f1bc35-a59f-1d81-a7f1-b8e88786ef0e
MANHATTAN|UNSANITARY CONDITION,2025-03-31,prophet_tuned,complete,28,291.258639872606,1681.0,-253.06995429153497,0.17326510402891493,-0.15054726608657643,0.6663611974745041,28,25,1177.4395488783641,1410.6224505574053,
MANHATTAN|UNSANITARY CONDITION,2025-03-31,snaive7,complete,28,391.0,1681.0,-281.0,0.23259964306960143,-0.16716240333135038,0.8945562209810914,0,0,0.0,0.0,
MANHATTAN|UNSANITARY CONDITION,2025-04-30,ai_forecast_v2,complete,28,301.44984436035156,1693.0,-20.696090698242188,0.17805661214433052,-0.01222450720510466,0.6850388716634692,28,21,830.2807731628418,1263.5826225280762,01f1bc35-e8c7-14da-9003-a45a6c7466cf
MANHATTAN|UNSANITARY CONDITION,2025-04-30,prophet_tuned,complete,28,295.0167747942462,1693.0,-30.963405414746475,0.17425680732087784,-0.018289075850411386,0.6704198469754703,28,26,1186.2264205968274,1508.049974607087,
MANHATTAN|UNSANITARY CONDITION,2025-04-30,snaive7,complete,28,365.0,1693.0,107.0,0.21559362079149438,0.06320141760189013,0.8294553566206879,0,0,0.0,0.0,
MANHATTAN|UNSANITARY CONDITION,2025-05-31,ai_forecast_v2,complete,28,359.0390853881836,1931.0,-249.5251007080078,0.1859342751880806,-0.12922066323563325,0.8156707806493547,28,23,984.2105674743652,1456.2578392028809,01f1bc36-2c2f-15db-839d-ca87caf61512
MANHATTAN|UNSANITARY CONDITION,2025-05-31,prophet_tuned,complete,28,325.1377759257483,1931.0,-182.76903724222788,0.1683779264245201,-0.09464994160653956,0.7386532394410961,28,24,1197.0714820032495,1511.7479363758523,
MANHATTAN|UNSANITARY CONDITION,2025-05-31,snaive7,complete,28,573.0,1931.0,-463.0,0.2967374417400311,-0.23977213878819265,1.3017506347721504,0,0,0.0,0.0,
MANHATTAN|UNSANITARY CONDITION,2025-06-30,ai_forecast_v2,complete,28,440.57322692871094,2219.0,-234.1511993408203,0.19854584359112706,-0.1055210452189366,0.9963576311140344,28,22,1185.5970878601074,2087.141124725342,01f1bc36-7181-128f-a8eb-b3b7ebcaf0a0
MANHATTAN|UNSANITARY CONDITION,2025-06-30,prophet_tuned,complete,28,369.894694456303,2219.0,59.45348323295241,0.16669431926827535,0.026792917184746468,0.8365179248392371,28,23,1188.4335082950565,1794.3881978618258,
MANHATTAN|UNSANITARY CONDITION,2025-06-30,snaive7,complete,28,585.0,2219.0,-291.0,0.26363226678684093,-0.13114015322217215,1.3229791974990437,0,0,0.0,0.0,
MANHATTAN|UNSANITARY CONDITION,2025-07-31,ai_forecast_v2,complete,28,282.3031921386719,2194.0,39.90986633300781,0.12867055247888418,0.01819045867502635,0.6328311679912207,28,24,1055.4970035552979,1247.3699436187744,01f1bc36-b918-17fa-b5ae-a731e67b7a8c
MANHATTAN|UNSANITARY CONDITION,2025-07-31,prophet_tuned,complete,28,427.7462008708131,2194.0,318.61191528027507,0.19496180531942256,0.14521965144953286,0.9588666916947796,28,22,1189.8203202267935,1588.2792004604325,
MANHATTAN|UNSANITARY CONDITION,2025-07-31,snaive7,complete,28,394.0,2194.0,66.0,0.17958067456700091,0.0300820419325433,0.8832187772997742,0,0,0.0,0.0,
MANHATTAN|UNSANITARY CONDITION,2025-08-31,ai_forecast_v2,complete,28,291.41858673095703,2133.0,6.22076416015625,0.13662381000044868,0.002916438893650375,0.6648481479468925,28,24,959.8286724090576,1371.91725730896,01f1bc36-fd61-1d3d-b0fa-ff07ce281824
MANHATTAN|UNSANITARY CONDITION,2025-08-31,prophet_tuned,complete,28,303.2664501121454,2133.0,189.1384325339087,0.14217836385942118,0.08867249532766466,0.6918780986253065,28,25,1136.5470212317252,1541.9442300938524,
MANHATTAN|UNSANITARY CONDITION,2025-08-31,snaive7,complete,28,337.0,2133.0,-45.0,0.15799343647444913,-0.02109704641350211,0.7688384888948534,0,0,0.0,0.0,
MANHATTAN|UNSANITARY CONDITION,2025-09-30,ai_forecast_v2,complete,28,372.1625442504883,2366.0,-264.92962646484375,0.15729608801795786,-0.11197363755910555,0.8449414635126482,28,18,947.445613861084,1735.5321235656738,01f1bc37-3f1d-174c-bdea-57be4e8a2e8b
MANHATTAN|UNSANITARY CONDITION,2025-09-30,prophet_tuned,complete,28,404.7979213616249,2366.0,-273.1881350527431,0.17108956946814238,-0.11546413146776971,0.9190353875911855,28,21,1126.497266017192,1911.027086238831,
MANHATTAN|UNSANITARY CONDITION,2025-09-30,snaive7,complete,28,334.0,2366.0,122.0,0.14116652578191038,0.05156382079459002,0.7582989023830391,0,0,0.0,0.0,
MANHATTAN|UNSANITARY CONDITION,2025-10-31,ai_forecast_v2,complete,28,345.4252738952637,1963.0,73.57360458374023,0.1759680457948363,0.03748018572783507,0.780862133586361,28,22,1077.154613494873,1477.0590934753418,01f1bc37-8041-1122-a520-47993c04b60b
MANHATTAN|UNSANITARY CONDITION,2025-10-31,prophet_tuned,complete,28,328.831799804077,1963.0,-5.5336941222853895,0.16751492603366122,-0.0028189985340221035,0.7433512258396893,28,24,1144.8308946644877,1627.074624773836,
MANHATTAN|UNSANITARY CONDITION,2025-10-31,snaive7,complete,28,579.0,1963.0,133.0,0.29495669893020887,0.06775343861436577,1.308876939570988,0,0,0.0,0.0,
MANHATTAN|UNSANITARY CONDITION,2025-11-30,ai_forecast_v2,complete,28,345.34958267211914,1806.0,-93.33549118041992,0.1912234677032775,-0.05168078138450716,0.7834713959332789,28,22,1019.9886856079102,1620.1450119018555,01f1bc37-c1e0-1c92-bcf5-85e1eee1e9f3
MANHATTAN|UNSANITARY CONDITION,2025-11-30,prophet_tuned,complete,28,374.43110837462064,1806.0,-30.065476179028074,0.20732619511330047,-0.016647550486726507,0.8494466994553348,28,22,1143.3329114326075,1852.9932724423375,
MANHATTAN|UNSANITARY CONDITION,2025-11-30,snaive7,complete,28,602.0,1806.0,-210.0,0.3333333333333333,-0.11627906976744186,1.3657169546940682,0,0,0.0,0.0,
QUEENS|HEAT/HOT WATER,2024-12-31,ai_forecast_v2,complete,28,3701.363037109375,8381.0,-3626.3052978515625,0.4416373985335133,-0.4326816964385589,2.282129927630147,28,21,6160.060470581055,17035.09800720215,01f1bc34-c691-1945-a65b-b5921f2f68e9
QUEENS|HEAT/HOT WATER,2024-12-31,prophet_tuned,complete,28,2713.0172921380417,8381.0,-1294.547720213276,0.3237104512752705,-0.15446220262656915,1.6727507932865788,28,19,4989.626738601366,15473.19645782456,
QUEENS|HEAT/HOT WATER,2024-12-31,snaive7,complete,28,4059.0,8381.0,-3969.0,0.48430974824006684,-0.4735711728910631,2.5026362676072305,0,0,0.0,0.0,
QUEENS|HEAT/HOT WATER,2025-01-31,ai_forecast_v2,complete,28,1544.8217163085938,5282.0,-814.3468017578125,0.2924690867680034,-0.15417394959443628,0.9392629851729747,28,22,5373.819953918457,7023.463890075684,01f1bc35-09be-1df1-8305-dc2bef22d196
QUEENS|HEAT/HOT WATER,2025-01-31,prophet_tuned,complete,28,1688.6774497636532,5282.0,145.55162029994617,0.31970417451034705,0.02755615681558996,1.0267283309878412,28,21,4900.8128603799505,7760.699158945144,
QUEENS|HEAT/HOT WATER,2025-01-31,snaive7,complete,28,2024.0,5282.0,634.0,0.38318818629307083,0.1200302915562287,1.2306069120602285,0,0,0.0,0.0,
QUEENS|HEAT/HOT WATER,2025-02-28,ai_forecast_v2,complete,28,906.5792236328125,3295.0,102.43145751953125,0.27513785239235583,0.0310869370317242,0.5444763969152205,28,25,4165.476055145264,4625.798969268799,01f1bc35-4bc3-1c98-8eb8-30a1f8042d4e
QUEENS|HEAT/HOT WATER,2025-02-28,prophet_tuned,complete,28,1562.7977173495958,3295.0,1439.4539149185318,0.4742936926705905,0.43686006522565457,0.9385903052577321,28,24,4984.015196941161,6054.230009941942,
QUEENS|HEAT/HOT WATER,2025-02-28,snaive7,complete,28,1243.0,3295.0,181.0,0.3772382397572079,0.05493171471927162,0.746525117411839,0,0,0.0,0.0,
QUEENS|HEAT/HOT WATER,2025-03-31,ai_forecast_v2,complete,28,924.2048454284668,1961.0,-82.57472610473633,0.47129262897933033,-0.04210847838079364,0.5562743534198328,28,21,3262.087345123291,3621.0289192199707,01f1bc35-8f46-1a6f-a05b-401f86958f4d
QUEENS|HEAT/HOT WATER,2025-03-31,prophet_tuned,complete,28,1235.6931089403167,1961.0,709.9809665107423,0.6301341708007735,0.362050467369068,0.7437576080684172,28,28,4921.575583080164,4921.575583080164,
QUEENS|HEAT/HOT WATER,2025-03-31,snaive7,complete,28,1275.0,1961.0,431.0,0.6501784803671596,0.21978582355940846,0.7674162325793417,0,0,0.0,0.0,
QUEENS|HEAT/HOT WATER,2025-04-30,ai_forecast_v2,complete,28,497.19743728637695,838.0,-94.66538619995117,0.5933143643035524,-0.11296585465387968,0.2988995582777721,28,21,1506.7109603881836,3103.5772247314453,01f1bc35-d328-160a-a731-f48f1b32ecd1
QUEENS|HEAT/HOT WATER,2025-04-30,prophet_tuned,complete,28,878.4639845293016,838.0,281.24128731715484,1.0482863777199303,0.3356101280634306,0.5281050891408813,28,27,3593.9501890761294,3605.662813076871,
QUEENS|HEAT/HOT WATER,2025-04-30,snaive7,complete,28,492.0,838.0,-62.0,0.5871121718377088,-0.07398568019093078,0.2957750214387383,0,0,0.0,0.0,
QUEENS|HEAT/HOT WATER,2025-05-31,ai_forecast_v2,complete,28,104.30046844482422,383.0,8.196708679199219,0.27232498288465856,0.021401328144123287,0.06257632403463939,28,26,623.5039825439453,647.1686859130859,01f1bc36-15a8-1d9a-841c-7db5f54c1b04
QUEENS|HEAT/HOT WATER,2025-05-31,prophet_tuned,complete,28,252.60185095706353,383.0,154.19976762062456,0.6595348588957273,0.4026103593227795,0.15155152716884362,28,28,3027.435804472607,3027.435804472607,
QUEENS|HEAT/HOT WATER,2025-05-31,snaive7,complete,28,249.0,383.0,161.0,0.6501305483028721,0.42036553524804177,0.14939055324442718,0,0,0.0,0.0,
QUEENS|HEAT/HOT WATER,2025-06-30,ai_forecast_v2,complete,28,113.44815826416016,286.0,76.8848648071289,0.396671882042518,0.26882819862632484,0.06815403739197326,28,25,432.21661376953125,518.318603515625,01f1bc36-5ab2-1384-aa85-dba06b073954
QUEENS|HEAT/HOT WATER,2025-06-30,prophet_tuned,complete,28,226.83501293652733,286.0,165.71165355572828,0.7931294158619837,0.57941137606898,0.1362712466207463,28,28,2942.9682366819043,2942.9682366819043,
QUEENS|HEAT/HOT WATER,2025-06-30,snaive7,complete,28,116.0,286.0,82.0,0.40559440559440557,0.2867132867132867,0.06968705758149335,0,0,0.0,0.0,
QUEENS|HEAT/HOT WATER,2025-07-31,ai_forecast_v2,complete,28,99.61030578613281,296.0,29.391006469726562,0.3365213033315298,0.09929394077610325,0.05980857719845859,28,25,399.92433166503906,448.9499816894531,01f1bc36-a113-1f31-b486-86414f9ed925
QUEENS|HEAT/HOT WATER,2025-07-31,prophet_tuned,complete,28,176.48820021739476,296.0,-97.19691176313837,0.5962439196533607,-0.32836794514573775,0.10596803276542646,28,28,2686.488073153149,2686.488073153149,
QUEENS|HEAT/HOT WATER,2025-07-31,snaive7,complete,28,122.0,296.0,-4.0,0.41216216216216217,-0.013513513513513514,0.07325192268637475,0,0,0.0,0.0,
QUEENS|HEAT/HOT WATER,2025-08-31,ai_forecast_v2,complete,28,119.40919494628906,388.0,-87.76322937011719,0.30775565707806457,-0.22619389012916802,0.07171517560525471,28,24,476.9974594116211,507.52449798583984,01f1bc36-e73c-1e8d-b3ee-59a3104ed080
QUEENS|HEAT/HOT WATER,2025-08-31,prophet_tuned,complete,28,209.57365309971848,388.0,-191.5751806981389,0.5401382811848414,-0.4937504657168528,0.12586644890321427,28,28,2702.1375080637204,2702.1375080637204,
QUEENS|HEAT/HOT WATER,2025-08-31,snaive7,complete,28,184.0,388.0,-168.0,0.4742268041237113,-0.4329896907216495,0.11050733837793915,0,0,0.0,0.0,
QUEENS|HEAT/HOT WATER,2025-09-30,ai_forecast_v2,complete,28,2709.1451110839844,3563.0,-2689.605697631836,0.7603550690665126,-0.7548710911119383,1.6615313004422643,28,18,3127.7451553344727,11118.603385925293,01f1bc37-2910-1f24-809d-1b4171b5aaae
QUEENS|HEAT/HOT WATER,2025-09-30,prophet_tuned,complete,28,2859.6464605267147,3563.0,-2702.5372538058973,0.8025951334624515,-0.7585004922273076,1.7538344782361772,28,15,3322.909839178944,16025.772576144589,
QUEENS|HEAT/HOT WATER,2025-09-30,snaive7,complete,28,3109.0,3563.0,-3095.0,0.8725792871175976,-0.8686500140331181,1.9067641640680137,0,0,0.0,0.0,
QUEENS|HEAT/HOT WATER,2025-10-31,ai_forecast_v2,complete,28,2282.4867095947266,6402.0,-1369.102279663086,0.356527133644912,-0.21385540138442455,1.418351092166321,28,24,8092.839260101318,11755.690822601318,01f1bc37-6a72-173a-b4f1-74eeca2eb7d6
QUEENS|HEAT/HOT WATER,2025-10-31,prophet_tuned,complete,28,3210.008071988315,6402.0,1935.6496672025721,0.5014070715383184,0.30235077588293846,1.9947184952396675,28,12,4887.141484956474,17174.33041977697,
QUEENS|HEAT/HOT WATER,2025-10-31,snaive7,complete,28,2306.0,6402.0,430.0,0.36019993751952517,0.06716651046547954,1.432962393509962,0,0,0.0,0.0,
QUEENS|HEAT/HOT WATER,2025-11-30,ai_forecast_v2,complete,28,1872.7941131591797,7304.0,-674.9202117919922,0.2564066419987924,-0.09240419109967034,1.1687373066255908,28,25,8547.339767456055,9462.311233520508,01f1bc37-ac05-1328-a174-37a65374ff3c
QUEENS|HEAT/HOT WATER,2025-11-30,prophet_tuned,complete,28,1763.3059592042714,7304.0,549.3835702121758,0.24141647853289586,0.07521680862707773,1.1004100466980116,28,20,4964.193124128533,8237.370268862715,
QUEENS|HEAT/HOT WATER,2025-11-30,snaive7,complete,28,2790.0,7304.0,-1148.0,0.38198247535596935,-0.15717415115005476,1.7411295040781911,0,0,0.0,0.0,
QUEENS|Illegal Parking,2024-12-31,ai_forecast_v2,complete,28,1027.5118103027344,11862.0,-594.6684875488281,0.08662213878795602,-0.050132227916778634,0.8540540589175132,28,25,3289.143035888672,3966.5179138183594,01f1bc34-a85e-1083-820c-029cd6c610f5
QUEENS|Illegal Parking,2024-12-31,prophet_tuned,complete,28,1255.8831958730925,11862.0,-841.459820159502,0.10587448962005501,-0.07093743214967982,1.0438732968389886,28,18,2777.8327222615376,4871.927252008951,
QUEENS|Illegal Parking,2024-12-31,snaive7,complete,28,1874.0,11862.0,-1058.0,0.15798347664812004,-0.08919237902545946,1.557643708192383,0,0,0.0,0.0,
QUEENS|Illegal Parking,2025-01-31,ai_forecast_v2,complete,28,1183.2294311523438,13018.0,-784.0070190429688,0.09089179836782484,-0.06022484398855191,0.9793783158816167,28,21,3457.1405334472656,5706.015655517578,01f1bc34-ed30-19f8-8845-4fd8206e5563
QUEENS|Illegal Parking,2025-01-31,prophet_tuned,complete,28,1699.7230062900944,13018.0,-1635.2917346525605,0.13056713829237168,-0.12561773964146264,1.4068884795609016,28,13,2787.2224094658222,9506.32223619478,
QUEENS|Illegal Parking,2025-01-31,snaive7,complete,28,1204.0,13018.0,-250.0,0.09248732524197266,-0.01920417882931326,0.9965704547875173,0,0,0.0,0.0,
QUEENS|Illegal Parking,2025-02-28,ai_forecast_v2,complete,28,1541.4400329589844,14416.0,-1534.8855895996094,0.10692564046607828,-0.10647097597111607,1.265282765778154,28,18,3488.35400390625,7510.702941894531,01f1bc35-2f7e-10af-8281-ccf4b09fe948
QUEENS|Illegal Parking,2025-02-28,prophet_tuned,complete,28,1922.3011106810827,14416.0,-1911.8138810525131,0.1333449716066234,-0.13261750007301007,1.577910534289138,28,10,2847.4875969109557,9492.980517197866,
QUEENS|Illegal Parking,2025-02-28,snaive7,complete,28,864.0,14416.0,-292.0,0.05993340732519423,-0.02025527192008879,0.7092097559797927,0,0,0.0,0.0,
QUEENS|Illegal Parking,2025-03-31,ai_forecast_v2,complete,28,944.4893493652344,13095.0,801.2283630371094,0.07212595260521072,0.0611858238287216,0.7754264314761525,28,26,4086.1420288085938,4433.999084472656,01f1bc35-714a-1953-91f1-439b4f6828e9
QUEENS|Illegal Parking,2025-03-31,prophet_tuned,complete,28,784.2964382822049,13095.0,-309.2994963772682,0.059892816974586094,-0.023619663717240794,0.6439079368818265,28,25,2952.5954032433265,3714.846948907222,
QUEENS|Illegal Parking,2025-03-31,snaive7,complete,28,1983.0,13095.0,1837.0,0.15143184421534936,0.14028255059182895,1.6280444185534089,0,0,0.0,0.0,
QUEENS|Illegal Parking,2025-04-30,ai_forecast_v2,complete,28,1049.7370300292969,13746.0,-621.5528869628906,0.07636672704999978,-0.04521700036104253,0.8617256097661614,28,21,3247.8584594726562,5224.138366699219,01f1bc35-b5b5-159a-9bc7-0b9e94aa7988
QUEENS|Illegal Parking,2025-04-30,prophet_tuned,complete,28,1036.1231596859254,13746.0,-501.7761219758092,0.07537633927585664,-0.03650342805003704,0.8505500292280604,28,21,2889.7313303173523,5043.153950270438,
QUEENS|Illegal Parking,2025-04-30,snaive7,complete,28,1134.0,13746.0,-434.0,0.08249672632038411,-0.031572821184344534,0.9308967994084715,0,0,0.0,0.0,
QUEENS|Illegal Parking,2025-05-31,ai_forecast_v2,complete,28,1128.1795654296875,14907.0,-339.5419921875,0.07568119443413748,-0.022777352397363653,0.9184352840378521,28,23,4074.7081298828125,4833.9110107421875,01f1bc35-f898-1243-aa5f-8e0f6803662e
QUEENS|Illegal Parking,2025-05-31,prophet_tuned,complete,28,1188.0636559178383,14907.0,-490.7753677539094,0.07969837364445148,-0.03292247720895616,0.9671860887343416,28,20,2929.094308802876,4577.19808358729,
QUEENS|Illegal Parking,2025-05-31,snaive7,complete,28,1739.0,14907.0,113.0,0.11665660427986851,0.007580331387938552,1.4156956994106855,0,0,0.0,0.0,
QUEENS|Illegal Parking,2025-06-30,ai_forecast_v2,complete,28,1303.0585021972656,14639.0,-1005.1813049316406,0.08901280840202648,-0.06866461540621904,1.0501748531773707,28,18,3564.317657470703,5841.657440185547,01f1bc36-3d29-14d4-bc58-72c7ff2ba9f0
QUEENS|Illegal Parking,2025-06-30,prophet_tuned,complete,28,1433.8725094318304,14639.0,-1284.4247017921225,0.09794880179191409,-0.08773992088203583,1.1556018778347068,28,15,2912.986386222357,7343.644973554662,
QUEENS|Illegal Parking,2025-06-30,snaive7,complete,28,1297.0,14639.0,-727.0,0.08859894801557483,-0.049661862149053895,1.0452921202496015,0,0,0.0,0.0,
QUEENS|Illegal Parking,2025-07-31,ai_forecast_v2,complete,28,1415.0589904785156,15013.0,-1212.0160827636719,0.09425557786441854,-0.08073110522638192,1.1318940537755369,28,20,3711.5331115722656,5580.708831787109,01f1bc36-8318-176c-86da-5f28307cca24
QUEENS|Illegal Parking,2025-07-31,prophet_tuned,complete,28,1955.4999082131606,15013.0,-1811.5769580523336,0.13025377394345972,-0.12066721894706811,1.5641883010944981,28,10,2941.620325640717,9304.174498930803,
QUEENS|Illegal Parking,2025-07-31,snaive7,complete,28,1801.0,15013.0,-1117.0,0.11996269899420502,-0.07440218477319656,1.4406050946048476,0,0,0.0,0.0,
QUEENS|Illegal Parking,2025-08-31,ai_forecast_v2,complete,28,1405.7304992675781,16028.0,-1305.2160949707031,0.08770467302642738,-0.08143349731536706,1.1137937039411734,28,19,3977.3738708496094,5851.299652099609,01f1bc36-c8cf-1539-8c2c-802201ba7563
QUEENS|Illegal Parking,2025-08-31,prophet_tuned,complete,28,1142.7940531719382,16028.0,-962.8911223023335,0.07129985357948204,-0.06007556290880544,0.905462904865122,28,18,2982.1086105935765,5129.0883649960915,
QUEENS|Illegal Parking,2025-08-31,snaive7,complete,28,1690.0,16028.0,-1064.0,0.10544047916146743,-0.06638382830047417,1.339027189522683,0,0,0.0,0.0,
QUEENS|Illegal Parking,2025-09-30,ai_forecast_v2,complete,28,1804.3778686523438,14530.0,1666.3710327148438,0.12418292282535057,0.1146848611641324,1.4201533038381824,28,18,4175.571990966797,7014.414764404297,01f1bc37-0c91-17e5-9053-b157d3e78f93
QUEENS|Illegal Parking,2025-09-30,prophet_tuned,complete,28,1115.331121814053,14530.0,57.80242130295676,0.07676057273324521,0.003978143241772661,0.8778323016679371,28,21,3021.5630852055824,5287.277988481953,
QUEENS|Illegal Parking,2025-09-30,snaive7,complete,28,2324.0,14530.0,2218.0,0.1599449415003441,0.15264969029593944,1.8291270002025521,0,0,0.0,0.0,
QUEENS|Illegal Parking,2025-10-31,ai_forecast_v2,complete,28,967.0625915527344,13898.0,-270.9269104003906,0.0695828602354824,-0.019493949517944354,0.7512452873203397,28,21,3443.2442016601562,5003.818542480469,01f1bc37-4e8f-134a-9081-53571a1e3aac
QUEENS|Illegal Parking,2025-10-31,prophet_tuned,complete,28,1108.2185277244967,13898.0,447.82627444310384,0.07973942493340744,0.03222235389574787,0.8608997530732366,28,21,3025.5645283406902,4394.547620918898,
QUEENS|Illegal Parking,2025-10-31,snaive7,complete,28,1692.0,13898.0,-518.0,0.12174413584688444,-0.037271549863289684,1.3143999543039926,0,0,0.0,0.0,
QUEENS|Illegal Parking,2025-11-30,ai_forecast_v2,complete,28,1191.4507446289062,12530.0,210.9805908203125,0.09508784873335245,0.016838035979274742,0.9215592450045712,28,20,3516.674530029297,4946.426422119141,01f1bc37-8fdb-1907-92e1-bd2126dc6c7d
QUEENS|Illegal Parking,2025-11-30,prophet_tuned,complete,28,1905.6368941785968,12530.0,1654.5310219184983,0.15208594526565017,0.1320455723797684,1.4739655041292226,28,12,3046.9909483428605,9497.062034115661,
QUEENS|Illegal Parking,2025-11-30,snaive7,complete,28,1208.0,12530.0,-246.0,0.09640861931364725,-0.019632881085395053,0.9343597064201401,0,0,0.0,0.0,
QUEENS|Noise - Residential,2024-12-31,ai_forecast_v2,complete,28,711.128791809082,4369.0,-442.75733184814453,0.1627669470837908,-0.10134065732390582,0.5951802410914533,28,23,2045.0598754882812,4591.4591064453125,01f1bc34-b846-10fb-83e5-9d6eb9990656
QUEENS|Noise - Residential,2024-12-31,prophet_tuned,complete,28,1370.8656392043083,4369.0,289.7120905990382,0.31377103209070917,0.06631084701282633,1.1473479221252776,28,25,5267.838800229671,7523.370335667904,
QUEENS|Noise - Residential,2024-12-31,snaive7,complete,28,1355.0,4369.0,883.0,0.3101396200503548,0.2021057450217441,1.1340691531097977,0,0,0.0,0.0,
QUEENS|Noise - Residential,2025-01-31,ai_forecast_v2,complete,28,472.1092529296875,4065.0,188.99661254882812,0.11614003762107934,0.04649363162332795,0.39043154738151487,28,21,1706.4372253417969,2285.170135498047,01f1bc34-fcc2-1697-9ed4-941f45ad82c5
QUEENS|Noise - Residential,2025-01-31,prophet_tuned,complete,28,878.2534754465621,4065.0,312.37175306736697,0.21605251548500912,0.07684421969676924,0.726310406508519,28,27,5425.590597401003,5619.217650619543,
QUEENS|Noise - Residential,2025-01-31,snaive7,complete,28,475.0,4065.0,-149.0,0.11685116851168512,-0.03665436654366544,0.3928221780347946,0,0,0.0,0.0,
QUEENS|Noise - Residential,2025-02-28,ai_forecast_v2,complete,28,406.9195785522461,4380.0,-37.80231475830078,0.09290401336809272,-0.008630665469931685,0.3367637628891845,28,25,1790.3263397216797,1932.7539367675781,01f1bc35-3f26-13c7-a059-214e133e348e
QUEENS|Noise - Residential,2025-02-28,prophet_tuned,complete,28,686.020500457297,4380.0,400.9708314731984,0.15662568503591257,0.09154585193452018,0.5677457102827956,28,27,5125.904224486876,5171.274312483637,
QUEENS|Noise - Residential,2025-02-28,snaive7,complete,28,560.0,4380.0,-44.0,0.1278538812785388,-0.01004566210045662,0.4634520361219969,0,0,0.0,0.0,
QUEENS|Noise - Residential,2025-03-31,ai_forecast_v2,complete,28,925.8753814697266,5327.0,-128.70643615722656,0.1738080310624604,-0.024161148142899675,0.7730644197361468,28,20,2326.1092529296875,4415.791793823242,01f1bc35-81ee-10de-b8b8-bef46f26a1cb
QUEENS|Noise - Residential,2025-03-31,prophet_tuned,complete,28,918.5677141565371,5327.0,-343.05981034924235,0.17243621440896134,-0.06440018966571097,0.7669628452649389,28,27,5291.765629287621,6286.93305776778,
QUEENS|Noise - Residential,2025-03-31,snaive7,complete,28,1149.0,5327.0,-507.0,0.21569363619297915,-0.09517552093110569,0.959363469484231,0,0,0.0,0.0,
QUEENS|Noise - Residential,2025-04-30,ai_forecast_v2,complete,28,1621.0331497192383,7167.0,-858.1892929077148,0.22618015204677525,-0.11974177381159688,1.3417841827454986,28,17,2991.166458129883,9707.824020385742,01f1bc35-c647-11e2-94e9-f955e1b07601
QUEENS|Noise - Residential,2025-04-30,prophet_tuned,complete,28,2405.6971776396367,7167.0,-1152.7132899558942,0.3356630637141952,-0.16083623412249118,1.991277243152879,28,20,5685.317323269846,13755.461520069193,
QUEENS|Noise - Residential,2025-04-30,snaive7,complete,28,2107.0,7167.0,-1343.0,0.29398632621738524,-0.1873866331798521,1.744035446489434,0,0,0.0,0.0,
QUEENS|Noise - Residential,2025-05-31,ai_forecast_v2,complete,28,993.389533996582,6541.0,506.00569915771484,0.1518712022621284,0.07735907340738646,0.8228231376896266,28,22,3547.807891845703,4734.265335083008,01f1bc36-0936-1f67-a464-329185b42e1a
QUEENS|Noise - Residential,2025-05-31,prophet_tuned,complete,28,1972.2021354483086,6541.0,594.8049179285763,0.30151385651250706,0.09093485979644951,1.6335722228913099,28,24,5627.699289432215,7415.746167093537,
QUEENS|Noise - Residential,2025-05-31,snaive7,complete,28,2049.0,6541.0,951.0,0.31325485399785963,0.14539061305610762,1.6971837848372637,0,0,0.0,0.0,
QUEENS|Noise - Residential,2025-06-30,ai_forecast_v2,complete,28,1282.9506912231445,6358.0,-432.1846389770508,0.2017852612807714,-0.06797493535342101,1.0766894513623444,28,16,3832.3377532958984,6151.477462768555,01f1bc36-4d38-1f20-8f2f-949d0be6970d
QUEENS|Noise - Residential,2025-06-30,prophet_tuned,complete,28,1995.1881920167268,6358.0,-111.61258513967996,0.3138075168318224,-0.01755466894301352,1.674419831193247,28,22,5155.442641973858,9551.310977067807,
QUEENS|Noise - Residential,2025-06-30,snaive7,complete,28,1450.0,6358.0,-338.0,0.22805913809374018,-0.05316137150047184,1.2168820790664812,0,0,0.0,0.0,
QUEENS|Noise - Residential,2025-07-31,ai_forecast_v2,complete,28,1113.222900390625,7150.0,-791.4314727783203,0.15569551054414335,-0.11068971647249236,0.9215309176037799,28,19,3377.581672668457,4676.935920715332,01f1bc36-9391-1ad0-8d7b-1fad4927e011
QUEENS|Noise - Residential,2025-07-31,prophet_tuned,complete,28,1690.7007852687523,7150.0,-742.7828356648054,0.23646164828933597,-0.10388571128179096,1.3995697047693123,28,22,4705.491565958275,9487.000299007028,
QUEENS|Noise - Residential,2025-07-31,snaive7,complete,28,1190.0,7150.0,50.0,0.16643356643356644,0.006993006993006993,0.9850873455475075,0,0,0.0,0.0,
QUEENS|Noise - Residential,2025-08-31,ai_forecast_v2,complete,28,964.7716979980469,6769.0,264.6010437011719,0.14252795065712023,0.039090123164599186,0.7899085883317895,28,20,3583.4059448242188,5615.726654052734,01f1bc36-d9c0-19cc-b0d8-4305f1e244a8
QUEENS|Noise - Residential,2025-08-31,prophet_tuned,complete,28,2039.6004474458637,6769.0,525.6995351346106,0.30131488365280895,0.07766280619509686,1.6699265883793677,28,18,4954.472307360395,7452.68373531948,
QUEENS|Noise - Residential,2025-08-31,snaive7,complete,28,2727.0,6769.0,2271.0,0.40286600679568624,0.33550007386615455,2.2327362264571224,0,0,0.0,0.0,
QUEENS|Noise - Residential,2025-09-30,ai_forecast_v2,complete,28,625.9613342285156,6077.0,-45.122314453125,0.10300499164530454,-0.0074250969973876915,0.5040528232756228,28,26,2554.1330490112305,3071.0669479370117,01f1bc37-1ce5-172c-9912-e9f5ffbb0888
QUEENS|Noise - Residential,2025-09-30,prophet_tuned,complete,28,1065.9401183128614,6077.0,155.7511432811566,0.17540564724582217,0.025629610544866975,0.858343953050308,28,26,5261.198742839948,5970.019386367292,
QUEENS|Noise - Residential,2025-09-30,snaive7,complete,28,1131.0,6077.0,511.0,0.18611156820799737,0.08408754319565576,0.9107331586660155,0,0,0.0,0.0,
QUEENS|Noise - Residential,2025-10-31,ai_forecast_v2,complete,28,1017.6990585327148,5445.0,-408.68221282958984,0.1869052449095895,-0.07505642108899721,0.8189210317667686,28,19,2201.640556335449,5365.601661682129,01f1bc37-5dfd-1573-abbf-0d3d59a209b4
QUEENS|Noise - Residential,2025-10-31,prophet_tuned,complete,28,1336.714114470964,5445.0,254.54615311516076,0.24549386858970873,0.04674860479617277,1.0756257388878927,28,24,5184.476188523789,6345.037054512524,
QUEENS|Noise - Residential,2025-10-31,snaive7,complete,28,1189.0,5445.0,-41.0,0.21836547291092745,-0.007529843893480257,0.956763297172086,0,0,0.0,0.0,
QUEENS|Noise - Residential,2025-11-30,ai_forecast_v2,complete,28,657.795768737793,4880.0,-338.17125701904297,0.13479421490528545,-0.06929738873341044,0.5253543287498926,28,24,3136.3644638061523,3981.6333236694336,01f1bc37-9f9d-167a-8bb9-bbe19ac7deb9
QUEENS|Noise - Residential,2025-11-30,prophet_tuned,complete,28,1210.7586027483621,4880.0,484.08045676303544,0.24810627105499225,0.09919681491045808,0.9669829197070641,28,25,5615.691232871715,6688.87114983571,
QUEENS|Noise - Residential,2025-11-30,snaive7,complete,28,1748.0,4880.0,1308.0,0.3581967213114754,0.2680327868852459,1.3960554480563525,0,0,0.0,0.0,
QUEENS|Noise - Street/Sidewalk,2024-12-31,ai_forecast_v2,complete,28,261.9976043701172,640.0,-48.82273864746094,0.4093712568283081,-0.07628552913665772,0.3488376624602124,28,21,724.7008857727051,1416.3511238098145,01f1bc34-d34f-1ade-a0d8-085945908101
QUEENS|Noise - Street/Sidewalk,2024-12-31,prophet_tuned,complete,28,495.2775734630403,640.0,-26.821928589553792,0.7738712085360004,-0.0419092634211778,0.6594391250682711,28,26,1804.3107252487068,2124.7208611360697,
QUEENS|Noise - Street/Sidewalk,2024-12-31,snaive7,complete,28,378.0,640.0,164.0,0.590625,0.25625,0.5032894736842105,0,0,0.0,0.0,
QUEENS|Noise - Street/Sidewalk,2025-01-31,ai_forecast_v2,complete,28,230.33344841003418,664.0,-76.40520668029785,0.34688772350908764,-0.11506808234984617,0.3044355151415709,28,20,834.0200481414795,1013.4094486236572,01f1bc35-1638-175f-b0e8-407aeddc23ec
QUEENS|Noise - Street/Sidewalk,2025-01-31,prophet_tuned,complete,28,598.9078199467108,664.0,547.0502123057383,0.9019696083534801,0.8238708016652686,0.7915863368798032,28,25,2264.4379612928524,3016.4452510676774,
QUEENS|Noise - Street/Sidewalk,2025-01-31,snaive7,complete,28,332.0,664.0,-92.0,0.5,-0.13855421686746988,0.4388098720559009,0,0,0.0,0.0,
QUEENS|Noise - Street/Sidewalk,2025-02-28,ai_forecast_v2,complete,28,455.9748477935791,1195.0,-391.76592445373535,0.3815689102875139,-0.3278375936851342,0.607775788967449,28,22,1220.9520950317383,1697.1722259521484,01f1bc35-5820-18d8-bca0-48f505fe9db5
QUEENS|Noise - Street/Sidewalk,2025-02-28,prophet_tuned,complete,28,568.3331376546786,1195.0,241.00252750430639,0.47559258381144653,0.2016757552337292,0.7575398573098272,28,24,2443.6747960875473,2716.1673141486417,
QUEENS|Noise - Street/Sidewalk,2025-02-28,snaive7,complete,28,435.0,1195.0,-211.0,0.36401673640167365,-0.17656903765690377,0.579818096283519,0,0,0.0,0.0,
QUEENS|Noise - Street/Sidewalk,2025-03-31,ai_forecast_v2,complete,28,1074.0162334442139,2343.0,-702.8106517791748,0.4583936122254434,-0.29996186588953255,1.438381547316203,28,20,2119.8971786499023,5730.061210632324,01f1bc35-9bd0-1af3-9cc5-16a6ea26a7f6
QUEENS|Noise - Street/Sidewalk,2025-03-31,prophet_tuned,complete,28,1046.7208803550727,2343.0,-712.9669696355859,0.44674386698893415,-0.3042966152947443,1.4018261108262011,28,22,2479.9010725154058,6510.323099011471,
QUEENS|Noise - Street/Sidewalk,2025-03-31,snaive7,complete,28,1207.0,2343.0,-419.0,0.5151515151515151,-0.17883055911224927,1.6164807137441037,0,0,0.0,0.0,
QUEENS|Noise - Street/Sidewalk,2025-04-30,ai_forecast_v2,complete,28,1521.7536354064941,3499.0,-963.2085304260254,0.4349110132627877,-0.2752810890042942,2.0162648209624794,28,16,2853.149368286133,8963.738471984863,01f1bc35-dfbb-1e2d-8573-b4d6ddd759d8
QUEENS|Noise - Street/Sidewalk,2025-04-30,prophet_tuned,complete,28,1632.6853326159244,3499.0,-443.30406734683015,0.46661484213087295,-0.12669450338577598,2.163245037345067,28,15,2576.8923816801307,10098.461163041165,
QUEENS|Noise - Street/Sidewalk,2025-04-30,snaive7,complete,28,1625.0,3499.0,129.0,0.4644184052586453,0.036867676478994,2.153062268314425,0,0,0.0,0.0,
QUEENS|Noise - Street/Sidewalk,2025-05-31,ai_forecast_v2,complete,28,648.4359970092773,3421.0,-342.75672149658203,0.18954574598341928,-0.10019196769850396,0.8426034233857255,28,24,3004.716938018799,3327.988842010498,01f1bc36-22dd-12f1-951e-5e9d7cc0617c
QUEENS|Noise - Street/Sidewalk,2025-05-31,prophet_tuned,complete,28,845.1395716485124,3421.0,222.07032444667752,0.24704459855261982,0.06491386274384026,1.0982078410116298,28,21,2581.1611764625372,3565.8158442831223,
QUEENS|Noise - Street/Sidewalk,2025-05-31,snaive7,complete,28,1509.0,3421.0,-17.0,0.4410990938322128,-0.004969307220111079,1.9608543815479575,0,0,0.0,0.0,
QUEENS|Noise - Street/Sidewalk,2025-06-30,ai_forecast_v2,complete,28,608.6338806152344,2849.0,86.81687927246094,0.213630705726653,0.030472755097388886,0.7884571977584061,28,22,2673.4242630004883,3401.541213989258,01f1bc36-67db-1548-9de5-8c8284232b9b
QUEENS|Noise - Street/Sidewalk,2025-06-30,prophet_tuned,complete,28,762.787972935478,2849.0,-25.213458100499338,0.267738846239199,-0.00884993264320791,0.9881567339244637,28,22,2570.3102443583794,3517.2298336572394,
QUEENS|Noise - Street/Sidewalk,2025-06-30,snaive7,complete,28,821.0,2849.0,127.0,0.2881712881712882,0.044577044577044575,1.0635677374800563,0,0,0.0,0.0,
QUEENS|Noise - Street/Sidewalk,2025-07-31,ai_forecast_v2,complete,28,714.7039108276367,3295.0,-634.6013259887695,0.21690558750459385,-0.19259524309219106,0.9201296124706172,28,23,2082.369068145752,2954.271228790283,01f1bc36-ae0d-100e-aa09-0d21af07eb06
QUEENS|Noise - Street/Sidewalk,2025-07-31,prophet_tuned,complete,28,812.1929844284577,3295.0,-392.1629445671018,0.24649255976584453,-0.11901758560458325,1.045639746322503,28,22,2975.8922860055263,4328.086960726418,
QUEENS|Noise - Street/Sidewalk,2025-07-31,snaive7,complete,28,973.0,3295.0,-779.0,0.2952959028831563,-0.23641881638846737,1.2526671526075144,0,0,0.0,0.0,
QUEENS|Noise - Street/Sidewalk,2025-08-31,ai_forecast_v2,complete,28,612.3679275512695,2983.0,61.105308532714844,0.2052859294506435,0.020484515096451505,0.7806203018828223,28,26,2373.5525550842285,3342.4462928771973,01f1bc36-f3bf-133f-871b-69f67e76bff4
QUEENS|Noise - Street/Sidewalk,2025-08-31,prophet_tuned,complete,28,727.5268564132299,2983.0,221.5422794956276,0.24389100114422727,0.0742682800856948,0.9274199524984231,28,25,2665.5760065828736,3283.643699011827,
QUEENS|Noise - Street/Sidewalk,2025-08-31,snaive7,complete,28,777.0,2983.0,473.0,0.2604760308414348,0.1585652028159571,0.9904861885703038,0,0,0.0,0.0,
QUEENS|Noise - Street/Sidewalk,2025-09-30,ai_forecast_v2,complete,28,1157.1729698181152,3462.0,-749.4596519470215,0.3342498468567635,-0.2164817018911096,1.4705793890190597,28,17,2371.359230041504,6100.6308517456055,01f1bc37-3573-1331-b35d-ab4262c8e635
QUEENS|Noise - Street/Sidewalk,2025-09-30,prophet_tuned,complete,28,1042.1287668995644,3462.0,-236.84368375028228,0.30101928564401054,-0.06841238698737212,1.324376843634043,28,22,2840.229221338354,4782.018519739637,
QUEENS|Noise - Street/Sidewalk,2025-09-30,snaive7,complete,28,1352.0,3462.0,-418.0,0.39052570768342,-0.12073945696129405,1.718172983479106,0,0,0.0,0.0,
QUEENS|Noise - Street/Sidewalk,2025-10-31,ai_forecast_v2,complete,28,1010.0597343444824,3198.0,-919.3816337585449,0.315841067649932,-0.2874864395742792,1.2506145171484981,28,22,2699.942367553711,4206.536529541016,01f1bc37-76dd-1c58-83bd-20af04b37893
QUEENS|Noise - Street/Sidewalk,2025-10-31,prophet_tuned,complete,28,1139.2272458910838,3198.0,-880.5480605054664,0.3562311588152232,-0.2753433585070251,1.4105444297976375,28,20,2924.3711152335204,5076.000433707407,
QUEENS|Noise - Street/Sidewalk,2025-10-31,snaive7,complete,28,1212.0,3198.0,670.0,0.3789868667917448,0.20950594121325827,1.5006486678410969,0,0,0.0,0.0,
QUEENS|Noise - Street/Sidewalk,2025-11-30,ai_forecast_v2,complete,28,268.4364013671875,1194.0,-33.631256103515625,0.22482110667268634,-0.028166881158723303,0.325592196153769,28,27,1753.6377143859863,1827.0637702941895,01f1bc37-b872-1fac-9fd6-f071535cbba2
QUEENS|Noise - Street/Sidewalk,2025-11-30,prophet_tuned,complete,28,714.2786442769,1194.0,487.4120750386357,0.5982233201649079,0.40821781829031467,0.8663636946083727,28,22,2541.812206342865,3597.529761184265,
QUEENS|Noise - Street/Sidewalk,2025-11-30,snaive7,complete,28,662.0,1194.0,538.0,0.5544388609715243,0.45058626465661644,0.8029538198098567,0,0,0.0,0.0,
QUEENS|UNSANITARY CONDITION,2024-12-31,ai_forecast_v2,complete,28,253.40760040283203,1197.0,-27.18541717529297,0.21170225597563244,-0.0227112925441044,0.719419546280311,28,23,775.2029914855957,1076.9445915222168,01f1bc34-e07a-142d-a7f2-a7e82d36a4f9
QUEENS|UNSANITARY CONDITION,2024-12-31,prophet_tuned,complete,28,261.7101061724975,1197.0,18.008710816064795,0.21863835102130116,0.015044871191365744,0.7429902084242536,28,26,943.9357891126795,1114.0994665275455,
QUEENS|UNSANITARY CONDITION,2024-12-31,snaive7,complete,28,345.0,1197.0,-209.0,0.2882205513784461,-0.1746031746031746,0.9794486947990272,0,0,0.0,0.0,
QUEENS|UNSANITARY CONDITION,2025-01-31,ai_forecast_v2,complete,28,246.73496055603027,1044.0,167.96563148498535,0.23633616911497152,0.16088662019634611,0.6951936487692826,28,20,790.7420196533203,1022.1778144836426,01f1bc35-22cf-1be4-9379-0ef4a0feb1fd
QUEENS|UNSANITARY CONDITION,2025-01-31,prophet_tuned,complete,28,202.95781405290822,1044.0,83.69147521767441,0.1944040364491458,0.08016424829279158,0.5718483630358415,28,26,950.6948457397631,998.0570536751607,
QUEENS|UNSANITARY CONDITION,2025-01-31,snaive7,complete,28,270.0,1044.0,144.0,0.25862068965517243,0.13793103448275862,0.7607445849777805,0,0,0.0,0.0,
QUEENS|UNSANITARY CONDITION,2025-02-28,ai_forecast_v2,complete,28,198.5665283203125,1080.0,-17.581165313720703,0.18385789659288193,-0.016278856771963612,0.5617975795536104,28,23,725.1046142578125,1224.9166069030762,01f1bc35-649d-15bd-bed9-79783d03cbc4
QUEENS|UNSANITARY CONDITION,2025-02-28,prophet_tuned,complete,28,201.51963804026408,1080.0,-41.15600029613835,0.18659225744468896,-0.038107407681609584,0.5701527132554436,28,25,948.4634939732639,1373.1755681866778,
QUEENS|UNSANITARY CONDITION,2025-02-28,snaive7,complete,28,288.0,1080.0,112.0,0.26666666666666666,0.1037037037037037,0.8148286837670848,0,0,0.0,0.0,
QUEENS|UNSANITARY CONDITION,2025-03-31,ai_forecast_v2,complete,28,274.3884563446045,1080.0,-182.59272956848145,0.25406338550426344,-0.16906734219303837,0.7657797490866338,28,24,834.4038600921631,1140.0363368988037,01f1bc35-a8b1-141c-9ada-9701c5bb9e18
QUEENS|UNSANITARY CONDITION,2025-03-31,prophet_tuned,complete,28,221.37938197189814,1080.0,-126.40123473876943,0.20498090923323903,-0.1170381803136754,0.617838847296419,28,27,959.6521994800262,1035.9474996985375,
QUEENS|UNSANITARY CONDITION,2025-03-31,snaive7,complete,28,202.0,1080.0,-16.0,0.18703703703703703,-0.014814814814814815,0.5637537066108494,0,0,0.0,0.0,
QUEENS|UNSANITARY CONDITION,2025-04-30,ai_forecast_v2,complete,28,242.17783737182617,1155.0,-50.864112854003906,0.20967778127430836,-0.04403819294718953,0.6763216058351991,28,20,709.1436767578125,1199.6443557739258,01f1bc35-ebef-1e64-9985-b988431ee786
QUEENS|UNSANITARY CONDITION,2025-04-30,prophet_tuned,complete,28,253.60312808684134,1155.0,-121.93616713781012,0.2195698078673951,-0.10557243908035507,0.7082286170108302,28,22,960.8282309701159,1402.4557864959777,
QUEENS|UNSANITARY CONDITION,2025-04-30,snaive7,complete,28,411.0,1155.0,-95.0,0.35584415584415585,-0.08225108225108226,1.1477853754697223,0,0,0.0,0.0,
QUEENS|UNSANITARY CONDITION,2025-05-31,ai_forecast_v2,complete,28,212.99288749694824,1188.0,-36.977365493774414,0.17928694233749853,-0.031125728530113143,0.5926455465108682,28,25,816.274091720581,931.0058422088623,01f1bc36-2f61-1242-866b-884e29b6d7d2
QUEENS|UNSANITARY CONDITION,2025-05-31,prophet_tuned,complete,28,194.65241122811287,1188.0,-2.486246872343159,0.163848831000095,-0.0020928003975952516,0.5416137880829287,28,26,957.7490215749857,1004.2059265280708,
QUEENS|UNSANITARY CONDITION,2025-05-31,snaive7,complete,28,326.0,1188.0,-180.0,0.27441077441077444,-0.15151515151515152,0.9070840366221676,0,0,0.0,0.0,
QUEENS|UNSANITARY CONDITION,2025-06-30,ai_forecast_v2,complete,28,249.0227165222168,1392.0,-196.77897262573242,0.17889562968550057,-0.14136420447250891,0.6909676714208488,28,21,771.6879863739014,1076.3260097503662,01f1bc36-74b5-1b49-bb16-20637556e2f7
QUEENS|UNSANITARY CONDITION,2025-06-30,prophet_tuned,complete,28,200.74296528311282,1392.0,-65.76398476521942,0.1442119003470638,-0.04724424192903694,0.5570050042539548,28,27,952.0732004986489,997.9629006919338,
QUEENS|UNSANITARY CONDITION,2025-06-30,snaive7,complete,28,316.0,1392.0,-216.0,0.22701149425287356,-0.15517241379310345,0.8768107071448974,0,0,0.0,0.0,
QUEENS|UNSANITARY CONDITION,2025-07-31,ai_forecast_v2,complete,28,233.47528076171875,1400.0,-33.50181579589844,0.16676805768694197,-0.02392986842564174,0.6453853836643412,28,22,795.4305477142334,1000.5008525848389,01f1bc36-bc25-14fb-bed7-bc9833c37e37
QUEENS|UNSANITARY CONDITION,2025-07-31,prophet_tuned,complete,28,290.32985480927783,1400.0,81.04456649959222,0.20737846772091273,0.0578889760711373,0.8025459659968452,28,25,957.929299258342,1030.617289684387,
QUEENS|UNSANITARY CONDITION,2025-07-31,snaive7,complete,28,304.0,1400.0,128.0,0.21714285714285714,0.09142857142857143,0.8403337432290979,0,0,0.0,0.0,
QUEENS|UNSANITARY CONDITION,2025-08-31,ai_forecast_v2,complete,28,325.339111328125,1498.0,-160.958740234375,0.21718231730849466,-0.10744909227928905,0.9292670042555761,28,14,734.3916835784912,1531.1372890472412,01f1bc37-004b-1d69-9350-69376e5a2f4b
QUEENS|UNSANITARY CONDITION,2025-08-31,prophet_tuned,complete,28,321.4622527254737,1498.0,-92.70285698982104,0.2145942942092615,-0.06188441721616892,0.9181935222973164,28,18,872.1165856646329,1577.239682816022,
QUEENS|UNSANITARY CONDITION,2025-08-31,snaive7,complete,28,412.0,1498.0,-142.0,0.2750333778371162,-0.09479305740987984,1.1767967404544881,0,0,0.0,0.0,
QUEENS|UNSANITARY CONDITION,2025-09-30,ai_forecast_v2,complete,28,266.78114128112793,1439.0,22.380319595336914,0.18539342688056146,0.015552689086405082,0.7493387970473037,28,24,835.0942115783691,1027.1328239440918,01f1bc37-422b-1162-b0dd-d34e9b99fcf8
QUEENS|UNSANITARY CONDITION,2025-09-30,prophet_tuned,complete,28,285.3786649144763,1439.0,-119.30676529716311,0.19831734879393767,-0.082909496384408,0.8015757952119783,28,22,881.8576076053035,1125.5812466309046,
QUEENS|UNSANITARY CONDITION,2025-09-30,snaive7,complete,28,405.0,1439.0,221.0,0.28144544822793605,0.1535788742182071,1.1375699622049196,0,0,0.0,0.0,
QUEENS|UNSANITARY CONDITION,2025-10-31,ai_forecast_v2,complete,28,245.25071907043457,1214.0,122.14948844909668,0.20201871422605813,0.10061737104538442,0.682108813022467,28,23,753.4362735748291,1209.905122756958,01f1bc37-836d-19b3-9f81-ba2444bf5373
QUEENS|UNSANITARY CONDITION,2025-10-31,prophet_tuned,complete,28,242.6713799101226,1214.0,100.28869885704006,0.19989405264425256,0.08261013085423399,0.6749349707614072,28,24,896.8839976659799,1345.6492979398909,
QUEENS|UNSANITARY CONDITION,2025-10-31,snaive7,complete,28,342.0,1214.0,214.0,0.28171334431630973,0.17627677100494235,0.9511948219270528,0,0,0.0,0.0,
QUEENS|UNSANITARY CONDITION,2025-11-30,ai_forecast_v2,complete,28,230.1521816253662,1162.0,26.69828987121582,0.19806556077914475,0.022976153073335472,0.6400698683295122,28,24,749.216100692749,1017.2356052398682,01f1bc37-c4e6-1d93-b891-ac1598294727
QUEENS|UNSANITARY CONDITION,2025-11-30,prophet_tuned,complete,28,214.32389467004913,1162.0,61.37321121040293,0.18444397131673762,0.05281687711738634,0.5960502571495374,28,25,890.3625588811001,1122.3368599938958,
QUEENS|UNSANITARY CONDITION,2025-11-30,snaive7,complete,28,356.0,1162.0,-210.0,0.306368330464716,-0.18072289156626506,0.9900617561653919,0,0,0.0,0.0,
STATEN ISLAND|Illegal Parking,2024-12-31,ai_forecast_v2,complete,28,184.19612884521484,1063.0,56.11228942871094,0.1732795191394307,0.05278672570904133,0.8061878004360448,28,23,602.1715431213379,829.1502456665039,01f1bc34-aba6-14d9-b0ad-df4bd9cd3262
STATEN ISLAND|Illegal Parking,2024-12-31,prophet_tuned,complete,28,188.90356070371115,1063.0,34.451991097007934,0.17770795926971886,0.032410151549395985,0.82679124177597,28,20,524.9040730095614,803.6102082637786,
STATEN ISLAND|Illegal Parking,2024-12-31,snaive7,complete,28,287.0,1063.0,93.0,0.2699905926622766,0.08748824082784572,1.2561387699932416,0,0,0.0,0.0,
STATEN ISLAND|Illegal Parking,2025-01-31,ai_forecast_v2,complete,28,246.01093673706055,1233.0,-97.22941970825195,0.19952225201708074,-0.07885597705454335,1.0671223613765901,28,17,594.7604122161865,1013.9691104888916,01f1bc34-f05e-1cdb-912f-347c18625c99
STATEN ISLAND|Illegal Parking,2025-01-31,prophet_tuned,complete,28,217.01202106179596,1233.0,-8.796899226565245,0.176003261201781,-0.007134549251066703,0.9413336798521433,28,18,529.7853557434873,922.5775755266708,
STATEN ISLAND|Illegal Parking,2025-01-31,snaive7,complete,28,271.0,1233.0,-89.0,0.2197891321978913,-0.07218167072181671,1.1755174943386597,0,0,0.0,0.0,
STATEN ISLAND|Illegal Parking,2025-02-28,ai_forecast_v2,complete,28,334.5387306213379,1593.0,-291.1360740661621,0.21000548061603133,-0.1827596196272204,1.435426153599885,28,16,698.0951728820801,1589.6765937805176,01f1bc35-32b1-1158-b098-52d775b55e69
STATEN ISLAND|Illegal Parking,2025-02-28,prophet_tuned,complete,28,256.44021744906627,1593.0,-154.96888930245706,0.16097942087198133,-0.09728116089294228,1.1003240021792344,28,17,533.0208004192044,1350.998185798498,
STATEN ISLAND|Illegal Parking,2025-02-28,snaive7,complete,28,355.0,1593.0,-281.0,0.22284996861268047,-0.17639673571876963,1.5232205956587581,0,0,0.0,0.0,
STATEN ISLAND|Illegal Parking,2025-03-31,ai_forecast_v2,complete,28,222.03275680541992,1489.0,130.26755142211914,0.14911535044017457,0.08748660270122172,0.9385942722099063,28,25,818.7234382629395,994.4838981628418,01f1bc35-7477-14f9-bab2-54c7ce67db96
STATEN ISLAND|Illegal Parking,2025-03-31,prophet_tuned,complete,28,197.91151202213808,1489.0,-88.35729879497488,0.1329157233190988,-0.05934002605438206,0.8366270556698613,28,18,547.7623020671217,908.4023111097714,
STATEN ISLAND|Illegal Parking,2025-03-31,snaive7,complete,28,335.0,1489.0,291.0,0.22498321020819342,0.19543317662860982,1.4161382568693273,0,0,0.0,0.0,
STATEN ISLAND|Illegal Parking,2025-04-30,ai_forecast_v2,complete,28,251.3706169128418,1428.0,118.06180191040039,0.17602984377649986,0.08267633187002829,1.0525370658912097,28,22,696.3468017578125,1010.0664749145508,01f1bc35-b8df-1588-bf9b-60a8df8bf466
STATEN ISLAND|Illegal Parking,2025-04-30,prophet_tuned,complete,28,229.59448445998368,1428.0,88.03460659245118,0.16078045130250956,0.06164888416838318,0.9613562157191435,28,20,549.3940653410419,1034.5413708325113,
STATEN ISLAND|Illegal Parking,2025-04-30,snaive7,complete,28,314.0,1428.0,280.0,0.21988795518207283,0.19607843137254902,1.3147783251231526,0,0,0.0,0.0,
STATEN ISLAND|Illegal Parking,2025-05-31,ai_forecast_v2,complete,28,162.11911010742188,1383.0,79.06737518310547,0.11722278388099919,0.05717091481063302,0.6661892366028939,28,21,682.1968612670898,847.9174957275391,01f1bc35-fbc1-1466-a8ad-303db2e4fcb2
STATEN ISLAND|Illegal Parking,2025-05-31,prophet_tuned,complete,28,226.0675765782334,1383.0,195.80508508758123,0.16346173288375518,0.14157996029470804,0.9289699786874469,28,21,556.148948821512,1131.53552519687,
STATEN ISLAND|Illegal Parking,2025-05-31,snaive7,complete,28,225.0,1383.0,69.0,0.16268980477223427,0.049891540130151846,0.924583031182016,0,0,0.0,0.0,
STATEN ISLAND|Illegal Parking,2025-06-30,ai_forecast_v2,complete,28,180.7224578857422,1260.0,69.07170867919922,0.14343052213154142,0.05481881641206287,0.740911412065865,28,23,630.8356056213379,757.3593482971191,01f1bc36-4069-196b-8600-1cd9d0b99ae7
STATEN ISLAND|Illegal Parking,2025-06-30,prophet_tuned,complete,28,198.88480131250324,1260.0,56.82139489323006,0.1578450804067486,0.04509634515335719,0.8153719283302819,28,21,563.7165132137591,797.457955884743,
STATEN ISLAND|Illegal Parking,2025-06-30,snaive7,complete,28,226.0,1260.0,76.0,0.17936507936507937,0.06031746031746032,0.9265366412443855,0,0,0.0,0.0,
STATEN ISLAND|Illegal Parking,2025-07-31,ai_forecast_v2,complete,28,231.80287170410156,1335.0,-141.17697143554688,0.1736351098907128,-0.10575054040115871,0.9454389944895804,28,22,611.5709133148193,1000.7226581573486,01f1bc36-8681-1783-8bf6-71e0b2ad755e
STATEN ISLAND|Illegal Parking,2025-07-31,prophet_tuned,complete,28,199.84702660749966,1335.0,-39.07586041592159,0.14969814727153533,-0.02927030742765662,0.8151028091175443,28,20,560.9470851890931,854.6936113780029,
STATEN ISLAND|Illegal Parking,2025-07-31,snaive7,complete,28,307.0,1335.0,-203.0,0.2299625468164794,-0.15205992509363295,1.2521405329214712,0,0,0.0,0.0,
STATEN ISLAND|Illegal Parking,2025-08-31,ai_forecast_v2,complete,28,267.87163162231445,1475.0,-166.79189682006836,0.18160788584563692,-0.11307925208140228,1.076282313858362,28,16,664.346996307373,1180.7900199890137,01f1bc36-cc1d-170b-8ce0-b3fad28d7dfb
STATEN ISLAND|Illegal Parking,2025-08-31,prophet_tuned,complete,28,243.25133705494073,1475.0,-63.74994420685371,0.16491616071521406,-0.04322030115718896,0.9773603509600703,28,18,571.8407810968423,1020.5793010514356,
STATEN ISLAND|Illegal Parking,2025-08-31,snaive7,complete,28,375.0,1475.0,-239.0,0.2542372881355932,-0.16203389830508474,1.5067137391612626,0,0,0.0,0.0,
STATEN ISLAND|Illegal Parking,2025-09-30,ai_forecast_v2,complete,28,192.1497039794922,1339.0,5.4359588623046875,0.14350239281515473,0.0040597153564635455,0.7605570436476357,28,23,673.0138549804688,823.0177841186523,01f1bc37-0fa9-1e5c-ba88-0a396170371c
STATEN ISLAND|Illegal Parking,2025-09-30,prophet_tuned,complete,28,198.8406852673793,1339.0,49.15760889755594,0.14849939153650435,0.03671217990855559,0.7870409405364917,28,20,572.3812426231508,865.9496730343683,
STATEN ISLAND|Illegal Parking,2025-09-30,snaive7,complete,28,289.0,1339.0,-27.0,0.21583271097834206,-0.020164301717699777,1.1439048880222353,0,0,0.0,0.0,
STATEN ISLAND|Illegal Parking,2025-10-31,ai_forecast_v2,complete,28,179.16833114624023,1237.0,46.36691665649414,0.14484101143592581,0.03748336027202437,0.7033002766769709,28,22,627.2936515808105,801.2864952087402,01f1bc37-51bc-1349-9c0c-22b5f78d1b8b
STATEN ISLAND|Illegal Parking,2025-10-31,prophet_tuned,complete,28,184.71265053956893,1237.0,57.616644089251636,0.14932308046852782,0.04657772359680811,0.7250637286127423,28,20,582.4524224393156,809.1394059329957,
STATEN ISLAND|Illegal Parking,2025-10-31,snaive7,complete,28,201.0,1237.0,11.0,0.16248989490703314,0.00889248181083266,0.7889974456294288,0,0,0.0,0.0,
STATEN ISLAND|Illegal Parking,2025-11-30,ai_forecast_v2,complete,28,185.80948638916016,1238.0,-6.756553649902344,0.15008843811725375,-0.005457636227707871,0.7219303826453293,28,25,639.7475357055664,814.0689392089844,01f1bc37-92e9-13e4-aed1-b98af42139de
STATEN ISLAND|Illegal Parking,2025-11-30,prophet_tuned,complete,28,211.06517371881029,1238.0,33.12048665862279,0.1704888317599437,0.026753220241213883,0.8200569550404445,28,18,580.0179013841758,925.1793609033389,
STATEN ISLAND|Illegal Parking,2025-11-30,snaive7,complete,28,288.0,1238.0,-138.0,0.23263327948303716,-0.11147011308562198,1.118973816904024,0,0,0.0,0.0,
